car_name,variant,transmission,km_driven,owner_type,fuel_type,registeration,price,Date
2018 Tata NEXON,XM 1.2,Manual,"95,230 km",1st Owner,Petrol,UP-16,"₹6,50,000",31 December 2018
2017 Renault Kwid,1.0 RXT Opt,Manual,"72,956 km",2nd Owner,Petrol,HR-11,"₹3,19,000",05 March 2019
2017 HYUNDAI ELITE I20,ASTA 1.2 (O),Manual,"50,636 km",2nd Owner,Petrol,DL-7C,"₹5,87,000",08 August 2024
2019 Mahindra XUV 3OO,W8(O),Manual,"86,652 km",1st Owner,Diesel,DL-12,"₹8,22,000",25 January 2025
2020 Hyundai Creta,1.5 SX (O) AT,Automatic,"20,235 km",1st Owner,Petrol,DL-9C,"₹16,74,000",14 January 2020
2021 MAHINDRA SCORPIO,S11,Manual,"15,235 km",1st Owner,Diesel,UP-32,"₹17,31,000",01 November 2020
2014 Hyundai Verna,FLUIDIC 1.4 VTVT CX,Manual,"57,937 km",1st Owner,Petrol,DL-12,"₹5,01,000",16 September 2021
2017 Tata Tiago,XZ PETROL,Manual,"50,097 km",1st Owner,Petrol,HR-26,"₹4,19,000",01 October 2022
2019 Maruti Eeco,5 STR WITH A/C+HTR,Manual,"15,468 km",1st Owner,Petrol,DL-2C,"₹4,86,000",26 March 2023
2015 VOLKSWAGEN POLO,HIGHLINE1.2L PETROL,Manual,"64,704 km",2nd Owner,Petrol,DL-3C,"₹4,95,000",25 August 2021
2017 Maruti WAGON R 1.0,LXI,Manual,"83,279 km",1st Owner,Petrol,DL-1C,"₹3,32,000",25 June 2020
2018 Maruti ALTO 800,LXI CNG,Manual,"95,040 km",1st Owner,CNG,DL-5C,"₹3,04,000",08 June 2020
2022 SKODA KUSHAQ,ACTIVE 1.0 TSI MT,Manual,"13,624 km",1st Owner,Petrol,UP-14,"₹11,56,000",15 June 2022
2016 Maruti Baleno,DELTA PETROL 1.2,Manual,"68,018 km",1st Owner,Petrol,DL-10,"₹4,99,000",08 August 2023
2020 FORD ECOSPORT,TITANIUM 1.5L DIESEL,Manual,"96,075 km",1st Owner,Diesel,DL-3C,"₹7,89,000",09 February 2025
2015 HYUNDAI GRAND I10,SPORTZ 1.2 KAPPA VTVT,Manual,"23,308 km",1st Owner,Petrol,DL-8C,"₹3,96,000",08 January 2022
2021 Maruti S Cross,SIGMA 1.5 SHVS,Manual,"9,769 km",1st Owner,Petrol,DL-7C,"₹8,79,000",08 June 2024
2014 RENAULT DUSTER,85 PS RXE DIESEL ADVENTURE,Manual,"56,105 km",1st Owner,Diesel,DL-1C,"₹3,88,000",09 May 2021
2018 Maruti SWIFT,ZXI+,Manual,"28,899 km",1st Owner,Petrol,DL-6C,"₹6,31,000",22 November 2019
2018 Hyundai Verna,1.6 SX VTVT,Manual,"25,995 km",2nd Owner,Petrol,DL-8C,"₹8,22,000",07 February 2020
2021 Maruti SWIFT,LXI,Manual,"12,982 km",1st Owner,Petrol,DL-6C,"₹5,89,000",20 February 2022
2014 HYUNDAI SANTRO XING,GLS,Manual,"95,604 km",1st Owner,Petrol,HR-26,"₹2,47,000",25 April 2022
2020 RENAULT KWID,RXL,Manual,"8,611 km",1st Owner,Petrol,HR-26,"₹3,98,000",28 December 2022
2018 Maruti VITARA BREZZA,ZDI PLUS AMT,Automatic,"66,354 km",1st Owner,Diesel,UP-37,"₹8,40,000",19 September 2024
2015 HYUNDAI CRETA,1.6 SX (O) CRDI,Manual,"56,461 km",1st Owner,Diesel,DL-8C,"₹7,65,000",14 January 2020
2016 Hyundai Grand i10,SPORTZ 1.2 KAPPA VTVT,Manual,"31,109 km",1st Owner,Petrol,DL-3C,"₹4,28,000",29 October 2021
2020 Maruti Dzire,LXI,Manual,"45,565 km",1st Owner,Petrol,HR-35,"₹5,52,000",08 April 2019
2019 Ford FREESTYLE,TREND+ 1.2 TI-VCT,Manual,"22,989 km",1st Owner,Petrol,DL-7C,"₹6,19,000",01 July 2020
2017 Hyundai New Elantra,2.0 SX AT PETROL,Automatic,"3,415 km",1st Owner,Petrol,DL-12,"₹12,48,000",27 May 2018
2020 Tata Tiago,XZ 1.2 REVOTRON,Manual,"35,863 km",1st Owner,Petrol,HR-30,"₹5,04,000",27 April 2023
2011 Hyundai i20,MAGNA O 1.2,Manual,"71,274 km",2nd Owner,Petrol,DL-8C,"₹2,39,000",09 April 2025
2017 Honda City,V CVT,Automatic,"81,702 km",2nd Owner,Petrol,DL-1C,"₹7,34,000",18 July 2022
2021 HYUNDAI CRETA,S 1.5 PETROL,Manual,"24,849 km",1st Owner,Petrol,HR-51,"₹13,42,000",01 November 2024
2013 HYUNDAI I20,MAGNA (O) 1.2,Manual,"37,065 km",1st Owner,Petrol,DL-3C,"₹3,53,000",23 October 2024
2022 Tata TIGOR,XZ CNG,Manual,"19,474 km",1st Owner,CNG,DL-7C,"₹8,06,000",01 October 2022
2019 MG HECTOR,SUPER DIESEL ,Manual,"53,140 km",2nd Owner,Diesel,HR-26,"₹12,82,000",16 February 2018
2018 Skoda Rapid,1.5 TDI AT AMBITION,Automatic,"32,244 km",1st Owner,Diesel,DL-8C,"₹8,06,000",10 April 2019
2015 HYUNDAI ELITE I20,SPORTZ 1.2,Manual,"32,762 km",1st Owner,Petrol,DL-1C,"₹5,44,000",16 February 2021
2015 Maruti Swift,LXI (O),Manual,"71,434 km",2nd Owner,Petrol,DL-14,"₹3,62,000",26 February 2022
2013 HYUNDAI I10,ERA 1.1 IRDE,Manual,"50,384 km",1st Owner,Petrol,HR-26,"₹2,70,350",23 June 2023
2012 Honda Jazz,1.2L I-VTEC SELECT,Manual,"51,440 km",1st Owner,Petrol,DL-5C,"₹2,99,000",08 July 2024
2020 Maruti Swift,LXI,Manual,"26,600 km",1st Owner,Petrol,DL-2C,"₹5,72,000",20 April 2024
2014 VOLKSWAGEN VENTO,HIGHLINE 1.2 TSI AT,Automatic,535 km,2nd Owner,Petrol,DL-3C,"₹4,67,000",17 November 2023
2011 Maruti SWIFT,VXI,Manual,"27,022 km",1st Owner,Petrol,DL-8C,"₹2,75,000",29 December 2019
2017 HYUNDAI GRAND I10,SPORTZ (O) AT 1.2 KAPPA VTVT,Automatic,"46,608 km",1st Owner,CNG,DL-8C,"₹5,79,000",17 July 2018
2019 FORD ECOSPORT,1.5TITANIUM TDCI,Manual,"41,955 km",1st Owner,Diesel,UP-16,"₹8,01,000",31 May 2022
2013 Hyundai i20,MAGNA 1.2 VTVT,Manual,"85,306 km",1st Owner,Petrol,DL-8C,"₹3,40,000",01 December 2023
2016 Hyundai Grand i10,ASTA (O) 1.2 KAPPA VTVT,Manual,"32,353 km",1st Owner,Petrol,DL-12,"₹4,98,000",27 August 2019
2017 Hyundai Grand i10,MAGNA 1.2 KAPPA VTVT,Manual,"37,511 km",1st Owner,Petrol,DL-8C,"₹4,53,000",05 December 2022
2014 Maruti Ertiga,VXI,Manual,"94,052 km",2nd Owner,Petrol,DL-2C,"₹5,69,000",19 October 2021
2018 Maruti Vitara Brezza,VDI,Manual,"98,557 km",1st Owner,Diesel,HR-27,"₹6,42,000",05 April 2024
2016 HYUNDAI NEW ELANTRA,2.0 SX AT PETROL,Automatic,"39,077 km",1st Owner,Petrol,UP-16,"₹11,13,000",09 January 2023
2018 Maruti S CROSS,ZETA 1.3,Manual,"64,911 km",1st Owner,Diesel,DL-10,"₹7,02,000",11 May 2023
2020 Hyundai VENUE,SMT 1.5 CRDI,Manual,"40,734 km",1st Owner,Diesel,HR-52,"₹8,33,000",11 April 2021
2013 Hyundai Santro Xing,GL PLUS,Manual,"43,964 km",1st Owner,Petrol,DL-3C,"₹2,50,000",13 January 2020
2014 Honda Amaze,1.2 EMT I VTEC,Manual,"39,406 km",1st Owner,Petrol,DL-8C,"₹4,01,000",07 December 2023
2016 Honda Amaze,1.2 SX MT I VTEC,Manual,"84,309 km",2nd Owner,CNG,DL-12,"₹5,39,000",23 December 2023
2018 Hyundai Elite i20,MAGNA EXECUTIVE 1.2,Manual,"53,067 km",1st Owner,Petrol,HR-30,"₹5,65,000",22 September 2023
2018 Maruti IGNIS,DELTA 1.2 K12,Manual,"29,913 km",1st Owner,Petrol,HR-13,"₹4,65,000",25 February 2019
2015 HYUNDAI GRAND I10,SPORTZ 1.2 KAPPA VTVT,Manual,"56,871 km",1st Owner,Petrol,DL-8C,"₹3,69,000",28 March 2024
2021 Maruti SWIFT,VXI,Manual,0 km,1st Owner,Petrol,HR-51,"₹6,89,000",08 July 2024
2020 Volkswagen Vento,HIGHLINE PLUS 1.0 TSI MT,Manual,"6,323 km",1st Owner,Petrol,UP-32,"₹9,49,000",08 August 2021
2019 TATA Harrier,XM 2.0L Kryotec,Manual,"49,585 km",1st Owner,Diesel,HR-26,"₹11,74,000",18 December 2023
2022 Nissan MAGNITE,XV PREMIUM MT,Manual,"3,008 km",1st Owner,Petrol,HR-51,"₹8,67,000",07 December 2024
2014 Hyundai Elite i20,ASTA 1.2,Manual,"82,575 km",1st Owner,Petrol,DL-9C,"₹4,85,000",03 September 2021
2018 VOLKSWAGEN TIGUAN,HIGHLINE A/T,Automatic,"88,800 km",1st Owner,Diesel,DL-10,"₹20,69,000",01 October 2023
2021 Maruti Dzire,VXI AMT,Automatic,"24,467 km",1st Owner,Petrol,DL-2C,"₹7,16,000",31 January 2024
2014 Honda Amaze,1.2L I-VTEC E,Manual,"17,202 km",1st Owner,Petrol,DL-4C,"₹3,61,000",04 August 2023
2021 KIA SONET,HTX 1.0 IMT,Manual,"18,786 km",2nd Owner,Petrol,DL-3C,"₹10,31,000",22 January 2021
2021 KIA SONET,GTX PLUS 1.0 DCT,Automatic,"25,964 km",1st Owner,Petrol,HR-06,"₹12,72,000",22 December 2022
2021 Honda City,V MT PETROL,Manual,"5,785 km",1st Owner,Petrol,DL-4C,"₹10,48,000",10 September 2018
2022 Hyundai VENUE,S MT 1.2 KAPPA,Manual,"15,163 km",1st Owner,Petrol,DL-7C,"₹8,67,000",09 June 2021
2013 Hyundai i10,SPORTZ 1.2,Manual,"21,545 km",1st Owner,Petrol,HR-51,"₹3,02,000",16 May 2021
2021 Skoda Rapid,MONTE CARLO 1.0 MT,Manual,"35,196 km",1st Owner,Petrol,DL-10,"₹10,57,000",28 November 2023
2021 Hyundai NEW I20,MAGNA 1.2 MT,Manual,"18,141 km",1st Owner,Petrol,DL-12,"₹7,36,000",20 November 2022
2020 Maruti Ciaz,1.5 SIGMA SHVS,Manual,"78,567 km",1st Owner,Petrol,DL-1C,"₹7,13,000",06 April 2025
2019 Datsun Go Plus,,Manual,"14,128 km",1st Owner,Petrol,DL-3C,"₹5,39,000",30 October 2018
2014 Hyundai Eon,MAGNA PLUS,Manual,"34,328 km",1st Owner,Petrol,DL-3C,"₹2,72,000",18 March 2020
2020 Maruti S PRESSO,VXI CNG,Manual,"68,657 km",1st Owner,CNG,HR-72,"₹3,97,000",01 February 2022
2021 KIA SONET,GTX + 1.0 IMT,Manual,"7,036 km",1st Owner,Petrol,HR-26,"₹12,16,000",10 February 2025
2018 Hyundai i20 Active,1.2 S,Manual,"89,972 km",1st Owner,Petrol,UP-53,"₹6,07,000",25 December 2019
2015 Maruti Wagon R 1.0,VXI,Manual,"56,510 km",1st Owner,Petrol,HR-26,"₹3,32,000",06 October 2021
2020 Maruti Baleno,SIGMA PETROL 1.2,Manual,"18,446 km",2nd Owner,Petrol,DL-5C,"₹5,70,000",19 October 2019
2018 HYUNDAI ELITE I20,MAGNA EXECUTIVE 1.2,Manual,"55,117 km",2nd Owner,Petrol,DL-8C,"₹5,52,000",12 January 2019
2017 Hyundai Creta,E PLUS 1.6 PETROL,Manual,"70,443 km",1st Owner,Petrol,DL-8C,"₹8,20,000",23 July 2024
2019 Hyundai Xcent,SX 1.2,Manual,"42,846 km",1st Owner,CNG,DL-9C,"₹5,79,250",12 April 2019
2015 Hyundai Grand i10,SPORTZ 1.2 KAPPA VTVT,Manual,"46,658 km",1st Owner,Petrol,DL-2C,"₹3,96,000",11 December 2022
2020 TATA ALTROZ,XZ 1.2,Manual,"32,195 km",1st Owner,Petrol,HR-19,"₹6,92,000",30 March 2025
2022 Tata Tiago,XZ+ CNG 1.2 RTN,Manual,"13,579 km",1st Owner,CNG,DL-9C,"₹7,53,000",16 March 2021
2021 Renault Kiger,RXL EASY R 1.0 L,Automatic,"41,505 km",1st Owner,Petrol,HR-19,"₹6,86,000",13 December 2023
2016 Toyota Corolla Altis,G AT,Automatic,"88,365 km",1st Owner,Petrol,DL-2C,"₹9,37,000",03 August 2022
2021 Tata Harrier,XT+ Dark Edition,Manual,"15,347 km",1st Owner,Diesel,HR-98,"₹17,70,000",04 October 2022
2016 Honda City,1.5 E MT PETROL,Manual,"19,282 km",1st Owner,Petrol,DL-14,"₹6,15,000",12 October 2024
2017 Hyundai Grand i10,SPORTZ (O) 1.2 KAPPA VTVT,Manual,"50,446 km",1st Owner,Petrol,HR-10,"₹5,06,000",22 July 2023
2020 KIA SELTOS,GTX + AT PETROL,Automatic,"9,417 km",1st Owner,Petrol,DL-8C,"₹16,63,000",03 December 2020
2020 Hyundai AURA,SX 1.2,Manual,"31,093 km",1st Owner,Petrol,DL-9C,"₹7,06,000",31 March 2025
2017 Jeep Compass,2.0 LONGITUDE (O),Manual,"32,038 km",1st Owner,Diesel,DL-10,"₹11,42,000",07 February 2018
2013 HONDA BRIO,1.2 S MT I VTEC,Manual,"50,574 km",1st Owner,Petrol,DL-8C,"₹2,93,000",25 September 2023
2021 HYUNDAI VERNA,SX (O) 1.5 CRDI,Manual,"36,033 km",1st Owner,Diesel,HR-10,"₹15,96,000",29 September 2021
2018 Nissan Micra Active,XL(O),Manual,"18,993 km",2nd Owner,Petrol,HR-26,"₹4,84,000",25 June 2022
2019 Tata Tiago,XZA 1.2 REVOTRON,Automatic,"52,164 km",1st Owner,Petrol,DL-3C,"₹5,20,000",18 March 2023
2010 Maruti Wagon R 1.0,LXI,Manual,"32,075 km",1st Owner,Petrol,DL-9C,"₹1,90,000",30 August 2020
2016 Maruti Baleno,DELTA PETROL 1.2,Manual,"69,292 km",1st Owner,Petrol,DL-8C,"₹5,02,000",14 May 2025
2020 MG HECTOR,SHARP DCT PETROL,Automatic,"52,597 km",1st Owner,Petrol,UP-41,"₹16,12,000",05 May 2022
2019 Maruti Swift,LXI,Manual,"51,267 km",1st Owner,CNG,HR-51,"₹5,70,000",04 August 2020
2015 Hyundai i10,MAGNA 1.1 IRDE2,Manual,"48,832 km",1st Owner,Petrol,DL-10,"₹3,43,000",12 May 2025
2014 HYUNDAI GRAND I10,SPORTZ 1.2 KAPPA VTVT,Manual,"36,938 km",1st Owner,Petrol,DL-8C,"₹3,62,000",04 July 2022
2017 Honda Brio,VX AT,Automatic,"23,106 km",1st Owner,Petrol,DL-3C,"₹5,31,000",01 December 2021
2021 Maruti Swift,ZXI+,Manual,"6,901 km",1st Owner,Petrol,DL-8C,"₹8,19,000",21 January 2020
2020 Maruti Baleno,SIGMA PETROL 1.2,Manual,"21,864 km",2nd Owner,Petrol,DL-5C,"₹5,61,000",16 March 2020
2018 Honda City,V MT PETROL,Manual,"29,942 km",1st Owner,Petrol,DL-3C,"₹8,64,000",20 May 2023
2018 HONDA AMAZE,1.2 V CVT I VTEC,Automatic,"12,503 km",1st Owner,Petrol,DL-14,"₹7,19,000",18 September 2021
2017 Maruti Dzire,VXI AMT,Automatic,"42,526 km",1st Owner,Petrol,DL-12,"₹5,70,000",28 February 2022
2019 Maruti BALENO,DELTA PETROL 1.2,Manual,"62,610 km",1st Owner,Petrol,DL-2C,"₹5,86,000",22 January 2020
2021 KIA SONET,HTX 1.0 IMT,Manual,"11,425 km",1st Owner,Petrol,UP-16,"₹11,39,000",16 June 2020
2019 Maruti CIAZ,DELTA 1.5 SHVS VVT MT,Manual,"20,701 km",1st Owner,Petrol,DL-12,"₹7,59,000",20 September 2019
2019 Jeep Compass,1.4  LONGITUDE (O) AT,Automatic,"23,690 km",1st Owner,Petrol,DL-3C,"₹18,57,000",04 November 2020
2017 Maruti CIAZ,ALPHA 1.4 PETROL,Manual,"79,277 km",2nd Owner,Petrol,DL-6C,"₹6,36,000",23 August 2019
2020 Renault TRIBER,RXZ AT,Automatic,"16,093 km",1st Owner,Petrol,UP-32,"₹7,08,000",29 November 2021
2017 Volkswagen Polo,HIGHLINE PLUS 1.2L PETROL,Manual,"30,398 km",1st Owner,Petrol,DL-2C,"₹6,23,000",02 October 2019
2015 HYUNDAI GRAND I10,ASTA AT 1.2 KAPPA VTVT,Automatic,"32,744 km",1st Owner,Petrol,DL-12,"₹5,02,000",26 September 2022
2018 Volkswagen Polo,HIGHLINE PLUS 1.2L PETROL,Manual,"18,913 km",1st Owner,Petrol,DL-10,"₹6,27,000",01 August 2021
2019 Tata Tiago,XZ PLUS PETROL,Manual,"53,126 km",1st Owner,Petrol,HR-72,"₹4,92,000",18 March 2021
2010 Maruti Alto,LXI,Manual,"24,884 km",1st Owner,Petrol,UP-14,"₹1,53,000",06 January 2025
2016 Maruti Ciaz,VXI PLUS,Manual,"47,014 km",2nd Owner,Petrol,DL-2C,"₹6,14,000",15 December 2019
2021 KIA SELTOS,HTX 1.5 DIESEL,Manual,"60,147 km",1st Owner,Diesel,DL-4C,"₹13,57,000",22 December 2018
2017 HYUNDAI VERNA,1.6 VTVT SX (O) AT,Automatic,"95,153 km",2nd Owner,Petrol,HR-26,"₹8,81,000",24 November 2024
2018 TATA TIAGO,XZA 1.2 REVOTRON,Automatic,"53,852 km",1st Owner,Petrol,DL-3C,"₹5,11,000",26 April 2024
2021 Mahindra Thar,LX HT PETROL 4WD MT,Manual,"6,089 km",1st Owner,Petrol,DL-10,"₹14,76,000",15 April 2019
2014 Maruti Wagon R 1.0,LXI CNG,Manual,"58,419 km",1st Owner,CNG,HR-29,"₹3,12,000",11 May 2020
2020 HYUNDAI VENUE,S 1.2,Manual,"74,909 km",1st Owner,Petrol,UP-13,"₹7,28,000",15 October 2022
2017 Hyundai Creta,E PLUS 1.6 PETROL,Manual,"28,028 km",1st Owner,Petrol,DL-12,"₹9,25,000",09 December 2023
2020 MG HECTOR,SHARP DCT PETROL,Automatic,"34,505 km",1st Owner,Petrol,UP-16,"₹15,73,000",03 May 2020
2020 Honda City,VX CVT PETROL,Automatic,"26,230 km",2nd Owner,Petrol,UP-14,"₹11,47,000",28 October 2022
2015 HONDA CITY,SV CVT PETROL,Automatic,"53,566 km",1st Owner,Petrol,DL-4C,"₹6,53,000",20 September 2022
2020 Maruti Baleno,ZETA PETROL 1.2,Manual,"26,354 km",2nd Owner,CNG,DL-5C,"₹7,36,000",27 December 2022
2016 Maruti Swift Dzire,ZXI 1.2 BS IV,Manual,"13,470 km",1st Owner,Petrol,DL-5C,"₹5,09,000",30 October 2019
2011 Honda City,S MT PETROL,Manual,2 km,2nd Owner,Petrol,HR-26,"₹3,15,000",12 September 2022
2017 Maruti Swift,ZXI,Manual,"40,183 km",2nd Owner,Petrol,HR-26,"₹5,25,000",12 July 2019
2017 Honda City,V MT PETROL,Manual,"19,038 km",1st Owner,Petrol,DL-3C,"₹7,94,000",31 December 2023
2019 Tata NEXON,XM 1.2,Manual,"50,331 km",2nd Owner,CNG,DL-3C,"₹6,96,000",14 June 2022
2015 Honda Amaze,1.5L I-DTEC S,Manual,"45,360 km",2nd Owner,Diesel,HR-30,"₹3,66,000",19 July 2022
2019 HONDA AMAZE,1.2L I-VTEC E,Manual,"20,752 km",1st Owner,Petrol,DL-4C,"₹6,08,000",08 November 2022
2018 TATA HEXA,Varicor 400 XMA,Automatic,"76,644 km",1st Owner,Diesel,DL-7C,"₹9,80,000",20 October 2023
2014 Honda Amaze,1.2L I-VTEC VX,Manual,"39,936 km",1st Owner,Petrol,HR-26,"₹3,92,000",10 March 2019
2016 HYUNDAI XCENT,SX 1.2 (O),Manual,"84,007 km",2nd Owner,Petrol,DL-3C,"₹4,47,000",11 June 2020
2014 Maruti SWIFT,LXI,Manual,"31,519 km",1st Owner,Petrol,DL-3C,"₹3,95,000",02 September 2024
2018 Mahindra Thar,CRDE 4X4 AC,Manual,"41,410 km",1st Owner,Diesel,HR-26,"₹7,18,000",27 April 2018
2017 HYUNDAI CRETA,1.4 S PLUS,Manual,"58,830 km",1st Owner,Diesel,DL-1C,"₹8,59,000",01 November 2019
2016 Maruti CIAZ,VXI,Manual,"33,410 km",2nd Owner,Petrol,DL-12,"₹5,66,000",16 July 2018
2020 Maruti XL6,ALPHA MT,Manual,"24,087 km",1st Owner,Petrol,UP-32,"₹10,06,000",15 December 2022
2019 Honda City,SV MT PETROL,Manual,"28,673 km",1st Owner,Petrol,DL-11,"₹8,54,000",07 October 2019
2021 Toyota URBAN CRUISER,HIGH AT,Automatic,"30,448 km",1st Owner,Petrol,DL-8C,"₹10,64,000",24 February 2021
2020 Hyundai NEW SANTRO,ERA EXECUTIVE,Manual,"39,364 km",1st Owner,Petrol,DL-11,"₹4,56,200",17 December 2019
2013 Honda Brio,,Manual,"26,233 km",1st Owner,Petrol,DL-13,"₹2,96,000",01 May 2025
2020 Renault TRIBER,RXZ AT,Automatic,"8,756 km",1st Owner,Petrol,UP-32,"₹7,29,000",01 February 2021
2019 Maruti VITARA BREZZA,VDI,Manual,"81,027 km",1st Owner,Diesel,DL-1C,"₹7,39,000",21 May 2020
2016 Maruti ALTO K10,LXI CNG,Manual,"91,884 km",1st Owner,CNG,HR-26,"₹3,18,000",29 November 2021
2015 Honda City,VX (O) PETROL,Manual,"70,190 km",1st Owner,Petrol,HR-29,"₹6,66,000",10 December 2021
2016 HYUNDAI ELITE I20,MAGNA 1.2,Manual,"33,752 km",1st Owner,Petrol,DL-8C,"₹5,13,000",16 December 2019
2014 Honda Amaze,1.2 EXMT I VTEC,Manual,"77,120 km",1st Owner,Petrol,DL-4C,"₹3,48,000",31 January 2024
2017 Hyundai Grand i10,MAGNA 1.2 KAPPA VTVT,Manual,"35,022 km",1st Owner,Petrol,DL-8C,"₹4,72,000",18 April 2021
2017 HONDA JAZZ,1.2L I-VTEC V AT,Automatic,"28,608 km",1st Owner,Petrol,DL-12,"₹6,64,000",26 August 2018
2018 HYUNDAI VERNA,1.6 VTVT SX (O) AT,Automatic,"38,660 km",1st Owner,Petrol,DL-1C,"₹9,86,000",21 May 2022
2018 Maruti ALTO K10,VXI,Manual,"50,002 km",1st Owner,Petrol,DL-3C,"₹3,23,000",08 February 2023
2018 Maruti Dzire,VXI,Manual,"53,069 km",1st Owner,Petrol,UP-16,"₹5,47,000",23 December 2024
2019 HONDA AMAZE,1.2L I-VTEC S,Manual,"90,618 km",1st Owner,CNG,DL-3C,"₹6,28,000",14 October 2018
2011 Hyundai Santro Xing,GL PLUS,Manual,"49,322 km",1st Owner,Petrol,DL-3C,"₹2,02,000",20 June 2022
2017 Hyundai Elite i20,SPORTZ 1.2,Manual,"54,124 km",1st Owner,Petrol,DL-12,"₹5,85,000",01 February 2024
2020 Maruti Swift,LXI,Manual,"18,862 km",1st Owner,Petrol,UP-14,"₹5,85,000",16 March 2019
2020 Hyundai Creta,EX 1.5 PETROL,Manual,"45,938 km",1st Owner,Petrol,HR-51,"₹11,09,000",04 October 2018
2019 HYUNDAI CRETA,SX AT 1.6 PETROL,Automatic,"13,948 km",1st Owner,Petrol,UP-14,"₹13,37,000",15 October 2020
2018 Honda City,1.5L I-VTEC V MT,Manual,"38,508 km",1st Owner,Petrol,DL-11,"₹8,25,000",19 November 2020
2018 Renault Kwid,1.0 RXT Opt,Manual,"41,823 km",1st Owner,Petrol,DL-8C,"₹3,58,000",04 December 2020
2018 Renault Duster,RXS CVT 106 PS,Automatic,"74,566 km",2nd Owner,Petrol,DL-3C,"₹6,98,000",26 April 2019
2018 Maruti Baleno,DELTA PETROL 1.2,Manual,"28,078 km",1st Owner,Petrol,UP-16,"₹6,10,000",25 March 2022
2016 Hyundai Grand i10,MAGNA 1.2 KAPPA VTVT,Manual,1 km,1st Owner,Petrol,DL-10,"₹4,56,000",28 September 2020
2019 Hyundai Elite i20,1.2 SPORTS PLUS VTVT,Manual,"49,538 km",1st Owner,Petrol,DL-11,"₹6,95,000",14 January 2022
2018 Maruti Swift,VXI,Manual,"57,871 km",1st Owner,Petrol,DL-3C,"₹5,33,000",23 July 2019
2021 VOLKSWAGEN POLO,COMFORTLINE 1.0 TSI MT,Manual,"13,703 km",1st Owner,Petrol,DL-7C,"₹8,03,000",19 April 2023
2016 Maruti Baleno,ALPHA PETROL 1.2,Manual,"25,628 km",1st Owner,Petrol,HR-10,"₹5,73,000",25 August 2024
2015 Hyundai Grand i10,MAGNA 1.2 KAPPA VTVT,Manual,"57,740 km",1st Owner,Petrol,DL-8C,"₹3,89,000",21 June 2024
2022 Maruti Vitara Brezza,VXI,Manual,"4,178 km",1st Owner,Petrol,DL-2C,"₹9,01,000",22 February 2024
2015 Honda City,SV MT PETROL,Manual,"72,662 km",1st Owner,Petrol,UP-14,"₹5,84,000",06 September 2022
2017 Hyundai Grand i10,MAGNA 1.2 KAPPA VTVT,Manual,"17,815 km",1st Owner,Petrol,DL-9C,"₹4,84,000",27 December 2019
2018 Honda City,V MT PETROL,Manual,"31,912 km",1st Owner,Petrol,DL-10,"₹8,48,000",03 December 2023
2020 SKODA RAPID,1.0 AMBITION TSI MT,Manual,"45,347 km",1st Owner,Petrol,HR-01,"₹8,93,000",09 November 2021
2018 HYUNDAI CRETA,1.6 CRDI SX PLUS AUTO,Automatic,"58,009 km",2nd Owner,Diesel,UP-32,"₹9,77,000",30 January 2023
2017 Hyundai Grand i10,Magna 1.2 AT  VTVT,Automatic,"51,693 km",1st Owner,Petrol,DL-8C,"₹4,75,000",20 March 2025
2016 Hyundai Grand i10,SPORTZ 1.2 KAPPA VTVT,Manual,"24,035 km",1st Owner,Petrol,DL-8C,"₹4,54,000",27 March 2018
2014 Maruti Wagon R 1.0,LXI,Manual,"33,016 km",2nd Owner,Petrol,DL-7C,"₹2,98,000",04 August 2022
2018 Renault Kwid,1.0 RXT Opt,Manual,"15,030 km",1st Owner,Petrol,DL-3C,"₹3,61,000",21 July 2023
2018 Hyundai Elite i20,ASTA 1.2,Manual,"20,590 km",1st Owner,Petrol,DL-4C,"₹7,12,000",25 December 2022
2018 Maruti CELERIO,VXI CNG,Manual,"49,841 km",1st Owner,CNG,DL-12,"₹4,89,000",07 March 2020
2019 Hyundai Elite i20,1.2 MAGNA PLUS VTVT,Manual,"22,634 km",2nd Owner,Petrol,DL-1C,"₹6,29,000",26 October 2020
2019 KIA SELTOS,GTX 1.4 GDI AT PETROL,Automatic,"13,672 km",1st Owner,Petrol,UP-70,"₹14,41,000",10 September 2018
2016 Honda Jazz,1.2 SV MT,Manual,"51,897 km",1st Owner,Petrol,DL-14,"₹4,61,000",22 July 2019
2019 Maruti Alto K10,LXI CNG,Manual,"65,329 km",1st Owner,CNG,DL-9C,"₹4,01,000",20 August 2021
2010 Maruti SWIFT DZIRE,ZXI 1.3,Manual,"78,054 km",2nd Owner,Petrol,DL-9C,"₹2,41,000",26 March 2018
2021 Tata NEXON,XZ 1.2,Manual,"17,620 km",1st Owner,Petrol,DL-9C,"₹9,38,000",25 September 2023
2021 MAHINDRA XUV 3OO,1.2 W6 MT,Manual,"31,346 km",1st Owner,Petrol,DL-3C,"₹10,11,000",25 June 2021
2013 Honda City,S MT PETROL,Manual,"61,408 km",2nd Owner,Petrol,DL-4C,"₹4,49,000",24 March 2024
2018 Maruti Baleno,ALPHA PETROL 1.2,Manual,"20,599 km",2nd Owner,Petrol,HR-26,"₹6,23,000",19 November 2024
2019 Hyundai Elite i20,MAGNA PLUS 1.2,Manual,"33,238 km",1st Owner,Petrol,HR-26,"₹6,10,000",07 January 2024
2019 VOLKSWAGEN VENTO,1.2 TSI HIGHLINE PLUS AT,Automatic,"48,179 km",1st Owner,Petrol,HR-51,"₹8,50,000",19 June 2024
2014 HONDA CITY,SV MT PETROL,Manual,"62,994 km",1st Owner,Petrol,DL-1C,"₹5,42,000",10 July 2019
2015 Hyundai Elite i20,ASTA 1.2,Manual,"62,683 km",1st Owner,Petrol,DL-12,"₹5,72,000",18 May 2024
2019 HYUNDAI VENUE,1.0 TURBO GDI SX+ AT,Automatic,"57,801 km",1st Owner,Petrol,HR-76,"₹9,29,000",12 December 2024
2018 HYUNDAI CRETA,SX 1.6 DIESEL,Manual,"61,764 km",2nd Owner,Diesel,DL-5C,"₹9,93,000",10 July 2023
2019 Volkswagen Ameo,HIGHLINE PLUS DSG 1.5,Automatic,"59,657 km",1st Owner,Diesel,DL-8C,"₹7,59,000",08 November 2022
2018 VOLKSWAGEN TIGUAN,HIGHLINE A/T,Automatic,"68,377 km",1st Owner,Diesel,DL-1C,"₹19,96,000",05 January 2025
2018 HONDA AMAZE,1.5 VXMT I DTEC,Manual,"52,767 km",1st Owner,Diesel,DL-10,"₹6,45,000",22 August 2022
2022 Hyundai NEW I20 N LINE,N8 1.0 TURBO GDI DCT,Automatic,"14,958 km",1st Owner,Petrol,HR-14,"₹11,44,000",17 December 2020
2020 Maruti Swift,LXI,Manual,"11,175 km",1st Owner,Petrol,DL-3C,"₹5,91,000",25 December 2019
2018 Volkswagen Polo,COMFORTLINE 1.0 PETROL,Manual,"27,132 km",1st Owner,Petrol,DL-10,"₹6,62,000",27 March 2025
2017 Hyundai Verna,1.6 SX VTVT AT (O),Automatic,"42,423 km",1st Owner,Petrol,DL-12,"₹9,33,000",30 June 2023
2019 Maruti Swift,LXI,Manual,"14,058 km",1st Owner,Petrol,DL-2C,"₹5,62,000",28 January 2024
2021 Mahindra Thar,LX D 4*4 MT HT,Manual,"16,749 km",2nd Owner,Diesel,HR-24,"₹15,00,000",16 April 2019
2018 Maruti ALTO 800,LXI,Manual,"27,997 km",2nd Owner,Petrol,HR-36,"₹3,36,000",09 September 2020
2017 HYUNDAI GRAND I10,Sportz1.2 CRDI,Manual,"68,845 km",1st Owner,Diesel,UP-83,"₹5,00,000",01 October 2022
2014 Toyota Etios,G SP,Manual,"78,652 km",1st Owner,Petrol,HR-29,"₹3,61,000",30 October 2020
2020 Maruti SWIFT,LXI,Manual,"51,768 km",1st Owner,Petrol,DL-1C,"₹5,46,000",21 June 2023
2022 MAHINDRA XUV 3OO,1.2 W6 AT,Automatic,"6,970 km",1st Owner,Petrol,DL-12,"₹11,22,000",24 September 2019
2018 VOLKSWAGEN TIGUAN,HIGHLINE A/T,Automatic,"75,468 km",1st Owner,Diesel,DL-1C,"₹18,65,000",09 June 2023
2021 Hyundai NEW I20,SPORTZ 1.0T GDI IMT,Manual,"15,840 km",1st Owner,Petrol,UP-14,"₹7,93,000",24 February 2025
2018 Honda WR-V,1.2 i-VTEC S MT,Manual,"50,925 km",1st Owner,Petrol,UP-53,"₹6,42,000",22 February 2020
2014 Maruti SWIFT,ZXI,Manual,"48,929 km",1st Owner,Petrol,DL-3C,"₹4,58,000",04 January 2018
2017 Hyundai Grand i10,MAGNA 1.2 KAPPA VTVT,Manual,"30,183 km",1st Owner,Petrol,DL-8C,"₹4,65,000",25 September 2018
2022 Maruti BREZZA,ZXI + AT SMART HYBRID,,"9,124 km",1st Owner,Petrol,UP-14,"₹12,95,000",27 April 2018
2020 TOYOTA YARIS,G MT,Manual,"44,145 km",1st Owner,Petrol,DL-1C,"₹8,47,000",07 January 2023
2018 Maruti Dzire,VDI,Manual,"85,262 km",1st Owner,Diesel,DL-12,"₹5,85,000",23 April 2019
2018 Maruti DZIRE,ZDI Plus AMT,Automatic,"82,887 km",1st Owner,Diesel,DL-6C,"₹6,25,000",28 March 2020
2019 Hyundai Creta,SX AT 1.6 PETROL,Automatic,"26,003 km",2nd Owner,Petrol,HR-26,"₹12,20,000",18 December 2024
2015 Toyota Camry,2.5 AT,Automatic,"93,626 km",1st Owner,Petrol,HR-26,"₹11,96,000",17 June 2022
2021 Maruti Swift,LXI,Manual,"29,670 km",1st Owner,Petrol,HR-29,"₹5,68,000",26 March 2019
2021 Mahindra Thar,LX D 4*4 MT HT,Manual,"41,433 km",1st Owner,Diesel,HR-54,"₹14,84,250",18 November 2018
2019 HYUNDAI NEW SANTRO,ASTA 1.1 MT,Manual,"41,819 km",1st Owner,Petrol,DL-5C,"₹4,56,000",07 August 2022
2019 Hyundai VENUE,1.4 CRDI MT SX,Manual,"40,655 km",1st Owner,Diesel,DL-5C,"₹9,28,000",07 April 2025
2016 Honda Jazz,1.2 V MT,Manual,"35,734 km",1st Owner,Petrol,UP-16,"₹4,71,000",10 December 2020
2018 Maruti IGNIS,DELTA 1.2,Manual,"32,089 km",1st Owner,Petrol,DL-3C,"₹4,87,000",20 October 2019
2021 Maruti Baleno,DELTA PETROL 1.2,Manual,"42,431 km",1st Owner,Petrol,HR-26,"₹6,76,000",06 August 2023
2019 Maruti ALTO K10,VXI,Manual,"53,883 km",1st Owner,Petrol,HR-26,"₹3,66,000",11 April 2024
2013 Toyota Etios Liva,G,Manual,"77,156 km",1st Owner,Petrol,DL-10,"₹2,78,000",13 July 2024
2020 Maruti Vitara Brezza,ZXI+ DUAL TONE,Manual,"30,331 km",1st Owner,Petrol,HR-26,"₹9,21,000",25 January 2024
2020 Maruti BALENO,ZETA CVT PETROL 1.2,Automatic,"35,131 km",2nd Owner,Petrol,UP-16,"₹7,58,000",04 March 2022
2017 Renault Duster,RXL PETROL 104,Manual,"33,494 km",1st Owner,Petrol,DL-8C,"₹6,87,000",15 December 2019
2022 Maruti Swift,VXI AMT,Automatic,91 km,1st Owner,Petrol,HR-26,"₹7,77,200",22 March 2018
2019 VOLKSWAGEN VENTO,COMFORTLINE DIESEL 1.5,Manual,"32,652 km",1st Owner,Diesel,UP-14,"₹7,59,000",08 March 2018
2018 Maruti Wagon R 1.0,VXI AMT,Automatic,"24,549 km",2nd Owner,Petrol,DL-5C,"₹4,48,000",20 April 2018
2014 Maruti RITZ,VXI ELATE LIMITED EDITION,Manual,"52,682 km",1st Owner,Petrol,DL-8C,"₹3,16,000",14 October 2023
2021 Maruti Vitara Brezza,ZXI,Manual,170 km,1st Owner,Petrol,HR-26,"₹9,96,000",12 January 2024
2020 Skoda Rapid,1.0 AMBITION TSI AT,Automatic,"55,243 km",1st Owner,Petrol,DL-10,"₹9,32,000",04 January 2025
2019 Jeep Compass,2.0 LIMITED,Manual,"47,136 km",1st Owner,Diesel,HR-26,"₹16,21,000",15 September 2024
2020 Maruti Baleno,SIGMA PETROL 1.2,Manual,"22,354 km",1st Owner,Petrol,DL-12,"₹6,03,000",25 September 2023
2016 HYUNDAI ELITE I20,ASTA 1.2 (O),Manual,"40,106 km",1st Owner,Petrol,DL-7C,"₹6,14,000",19 May 2020
2018 Maruti WAGON R 1.0,VXI,Manual,"48,863 km",1st Owner,Petrol,HR-26,"₹4,04,000",05 January 2024
2013 Maruti SWIFT DZIRE,VXI,Manual,"48,669 km",1st Owner,Petrol,DL-3C,"₹3,80,000",08 November 2023
2018 Maruti VITARA BREZZA,ZDI PLUS,Manual,"50,465 km",1st Owner,Diesel,UP-14,"₹7,70,000",11 October 2021
2018 Maruti Baleno,DELTA 1.2 K12,Manual,"39,910 km",2nd Owner,Petrol,DL-7C,"₹5,26,000",13 February 2023
2020 Maruti Vitara Brezza,ZDI,Manual,"31,439 km",1st Owner,Diesel,DL-4C,"₹8,80,000",24 February 2021
2022 Maruti Dzire,ZXI AMT,Automatic,"1,570 km",1st Owner,Petrol,DL-12,"₹9,24,000",18 December 2020
2019 Maruti CELERIO,VXI,Manual,"44,893 km",1st Owner,Petrol,DL-1C,"₹4,46,000",24 August 2022
2017 Hyundai Grand i10,SPORTZ (O) 1.2 KAPPA VTVT,Manual,"36,974 km",1st Owner,Petrol,UP-14,"₹4,88,000",03 January 2024
2018 Maruti IGNIS,SIGMA 1.2,Manual,"35,874 km",2nd Owner,Petrol,DL-12,"₹4,34,000",21 May 2025
2018 Honda WR-V,1.2L I-VTEC S MT,Manual,"27,235 km",1st Owner,Petrol,HR-36,"₹6,77,000",10 December 2018
2019 Maruti Baleno,DELTA PETROL 1.2,Manual,"33,836 km",1st Owner,Petrol,DL-3C,"₹6,15,000",24 January 2023
2017 Honda City,V MT PETROL,Manual,"35,601 km",1st Owner,Petrol,UP-16,"₹7,74,000",11 April 2019
2016 Ford Ecosport,1.0 TREND+ (ECOBOOST),Manual,"59,612 km",1st Owner,Petrol,DL-10,"₹6,32,000",15 September 2022
2012 Honda City,S MT PETROL,Manual,"63,533 km",1st Owner,Petrol,HR-26,"₹4,15,000",01 June 2021
2019 FORD ECOSPORT,TITANIUM 1.5L PETROL,Manual,"22,270 km",1st Owner,Petrol,UP-16,"₹7,93,000",30 March 2018
2016 Maruti Celerio,ZXI AMT,Automatic,"44,995 km",2nd Owner,Petrol,DL-8C,"₹3,99,000",16 January 2022
2015 Toyota Corolla Altis,GL,Manual,"1,00,530 km",1st Owner,Petrol,DL-3C,"₹7,99,000",14 June 2024
2015 Maruti Celerio,VXI AMT,Automatic,"63,382 km",2nd Owner,Petrol,DL-5C,"₹3,61,000",27 June 2020
2020 Hyundai NEW SANTRO,SPORTZ AMT,Automatic,"35,686 km",1st Owner,Petrol,DL-10,"₹5,51,000",25 May 2023
2021 Maruti Celerio,VXI,Manual,"25,145 km",1st Owner,Petrol,HR-98,"₹4,75,000",13 October 2019
2019 Hyundai Creta,1.6 SX VTVT,Manual,"12,938 km",1st Owner,Petrol,DL-7C,"₹11,37,000",31 January 2023
2015 TOYOTA COROLLA ALTIS,VL CVT PETROL,Automatic,"51,062 km",1st Owner,Petrol,DL-10,"₹9,34,000",26 June 2023
2019 Volkswagen POLO,GT TDI,Manual,"85,697 km",1st Owner,Diesel,UP-16,"₹7,44,000",30 July 2021
2017 Ford Ecosport,TREND 1.5L PETROL,Manual,"73,522 km",1st Owner,Petrol,UP-14,"₹6,00,000",02 June 2019
2017 Maruti Dzire,VXI,Manual,"48,730 km",1st Owner,Petrol,HR-26,"₹5,52,000",31 January 2018
2011 Hyundai i10,SPORTZ 1.2 AT,Automatic,"22,517 km",2nd Owner,Petrol,DL-3C,"₹2,50,000",19 December 2024
2018 Maruti DZIRE,VXI AMT,Automatic,"49,929 km",1st Owner,Petrol,DL-9C,"₹6,25,000",03 June 2023
2019 KIA SELTOS,HTK 1.5 PETROL,Manual,"7,221 km",1st Owner,Petrol,HR-26,"₹11,32,000",23 April 2021
2019 Maruti Baleno,DELTA PETROL 1.2,Manual,"17,266 km",1st Owner,Petrol,HR-26,"₹6,43,000",16 September 2018
2015 Honda Jazz,1.2 V AT,Automatic,"65,103 km",1st Owner,Petrol,DL-5C,"₹5,23,000",30 July 2020
2020 Renault Kwid,1.0 RXT Opt AT,Automatic,"13,095 km",1st Owner,Petrol,DL-3C,"₹4,72,000",03 June 2021
2017 Maruti BALENO,DELTA PETROL 1.2,Manual,"39,745 km",1st Owner,Petrol,DL-12,"₹5,62,000",29 November 2018
2016 Maruti Baleno,DELTA PETROL 1.2,Manual,"41,373 km",1st Owner,Petrol,DL-2C,"₹5,17,000",13 March 2020
2018 Mahindra TUV 300 PLUS,P8,Manual,"83,004 km",1st Owner,Diesel,DL-8C,"₹8,19,000",21 November 2021
2020 HYUNDAI GRAND I10 NIOS,MAGNA 1.2 KAPPA VTVT,Manual,"19,713 km",1st Owner,Petrol,HR-26,"₹5,77,000",13 April 2024
2014 Honda Amaze,1.2 EMT I VTEC,Manual,"27,324 km",1st Owner,Petrol,DL-13,"₹3,94,000",09 December 2020
2017 Maruti Ciaz,ALPHA 1.4 VVT,Manual,"98,200 km",1st Owner,Petrol,DL-8C,"₹6,53,000",02 September 2021
2016 Honda City,V MT PETROL,Manual,"33,591 km",1st Owner,Petrol,DL-10,"₹6,98,000",01 May 2021
2021 KIA SELTOS,HTX 1.5 PETROL,Manual,"9,337 km",1st Owner,Petrol,HR-98,"₹14,96,000",08 August 2024
2022 Tata Tiago,XZ+ CNG 1.2 RTN,Manual,"30,399 km",1st Owner,CNG,HR-26,"₹7,57,000",18 February 2023
2019 Maruti Baleno,ZETA PETROL 1.2,Manual,"55,153 km",1st Owner,Petrol,DL-2C,"₹6,63,000",04 October 2018
2020 Toyota YARIS,J CVT,Automatic,"38,184 km",1st Owner,Petrol,DL-10,"₹9,03,000",21 February 2024
2014 HYUNDAI ELITE I20,ASTA 1.2,Manual,"51,113 km",1st Owner,Petrol,UP-78,"₹5,03,000",26 December 2022
2019 Maruti New Wagon-R,1.0 LXI (O),Manual,"38,582 km",1st Owner,Petrol,HR-76,"₹4,49,000",08 June 2023
2018 Maruti CIAZ,ALPHA 1.5 SHVS PETROL,Manual,"42,142 km",2nd Owner,Petrol,HR-26,"₹8,25,000",12 April 2021
2019 Hyundai VENUE,1.4 CRDI MT SX,Manual,"88,117 km",1st Owner,Diesel,HR-29,"₹8,45,000",12 May 2021
2017 Maruti Baleno,DELTA PETROL 1.2,Manual,"42,192 km",1st Owner,Petrol,DL-9C,"₹5,58,000",26 October 2023
2017 Maruti CIAZ,DELTA 1.4 AT PETROL,Automatic,"45,176 km",1st Owner,Petrol,DL-9C,"₹7,79,000",08 August 2021
2021 KIA SONET,HTK+ 1.5D MT,Manual,"27,698 km",1st Owner,Diesel,UP-32,"₹10,34,000",04 April 2023
2016 Maruti Celerio,VXI AMT,Automatic,"65,851 km",1st Owner,Petrol,DL-8C,"₹3,94,000",19 April 2024
2020 Tata NEXON,XZ+ OPT PETROL,Manual,"22,652 km",1st Owner,Petrol,HR-26,"₹9,52,000",15 February 2023
2018 Volkswagen Polo,HIGHLINE PLUS 1.5L DIESEL,Manual,"36,305 km",1st Owner,Diesel,HR-51,"₹6,44,000",21 November 2020
2018 Hyundai Grand i10,MAGNA 1.2 KAPPA VTVT,Manual,"27,213 km",2nd Owner,Petrol,DL-1C,"₹4,75,000",23 November 2022
2018 Hyundai NEW SANTRO,SPORTZ CNG,Manual,"66,932 km",1st Owner,CNG,DL-8C,"₹4,69,000",28 October 2024
2017 Maruti BALENO,DELTA PETROL 1.2,Manual,"23,526 km",1st Owner,Petrol,DL-8C,"₹5,63,000",18 April 2021
2015 Honda City,V MT PETROL,Manual,"67,367 km",1st Owner,Petrol,DL-4C,"₹6,36,000",12 December 2023
2018 Hyundai Elite i20,SPORTZ 1.2,Manual,"52,575 km",1st Owner,Petrol,UP-16,"₹6,31,000",07 July 2019
2017 TOYOTA COROLLA ALTIS,G AT,Automatic,"75,836 km",1st Owner,Petrol,DL-10,"₹11,39,000",02 February 2018
2018 Mahindra Thar,CRDE 4X4 BS IV,Manual,"21,244 km",1st Owner,Diesel,DL-10,"₹8,82,000",20 January 2024
2015 HYUNDAI ELITE I20,SPORTZ 1.2 (O),Manual,"20,466 km",1st Owner,Petrol,DL-1C,"₹6,04,000",18 December 2023
2022 Maruti Celerio,LXI,Manual,"8,977 km",1st Owner,Petrol,DL-8C,"₹5,26,000",08 June 2021
2021 Skoda Rapid,STYLE 1.0TSI MT,Manual,"13,030 km",1st Owner,Petrol,UP-78,"₹12,10,000",27 January 2018
2021 Maruti IGNIS,ZETA 1.2,Manual,"9,558 km",1st Owner,Petrol,DL-5C,"₹6,32,000",20 August 2021
2015 Maruti Ciaz,ZXI,Manual,"23,364 km",1st Owner,Petrol,DL-5C,"₹6,11,000",05 April 2019
2022 Tata Safari,XZA PLUS GOLD,Automatic,"20,424 km",1st Owner,Diesel,UP-16,"₹21,86,000",27 June 2022
2021 Maruti S Cross,SIGMA 1.5 SHVS,Manual,"17,916 km",1st Owner,Petrol,UP-85,"₹8,80,000",11 June 2019
2017 Hyundai Grand i10,SPORTZ (O) AT 1.2 KAPPA VTVT,Automatic,"22,284 km",1st Owner,Petrol,DL-4C,"₹5,58,000",28 December 2023
2019 Tata Tiago,XZ 1.2 REVOTRON,Manual,"38,715 km",1st Owner,Petrol,UP-16,"₹5,03,000",09 February 2023
2014 HONDA AMAZE,1.2 SMT I VTEC,Manual,"70,134 km",1st Owner,Petrol,DL-4C,"₹3,67,000",01 July 2022
2015 Hyundai i20 Active,1.2 S,Manual,"37,975 km",2nd Owner,Petrol,DL-8C,"₹5,41,000",17 August 2020
2017 Maruti BALENO,DELTA PETROL 1.2,Manual,"89,081 km",1st Owner,CNG,HR-12,"₹5,59,000",03 April 2022
2014 Maruti Ciaz,ZXI,Manual,"79,832 km",1st Owner,Petrol,HR-26,"₹5,65,000",21 November 2020
2018 Maruti Vitara Brezza,ZDI PLUS AMT,Automatic,"89,151 km",1st Owner,Diesel,UP-16,"₹8,37,000",18 May 2023
2012 Maruti Swift,VXI,Manual,"52,784 km",1st Owner,Petrol,DL-2C,"₹3,08,000",11 June 2018
2020 Maruti Baleno,ZETA PETROL 1.2,Manual,"14,813 km",1st Owner,Petrol,UP-16,"₹7,15,000",12 September 2022
2020 Maruti Swift,LXI,Manual,"66,583 km",1st Owner,Petrol,DL-8C,"₹5,42,000",29 July 2022
2015 HYUNDAI XCENT,S 1.2,Manual,"50,990 km",2nd Owner,Petrol,HR-26,"₹4,27,000",18 March 2025
2018 Maruti Baleno,DELTA PETROL 1.2,Manual,"15,569 km",1st Owner,Petrol,DL-2C,"₹5,97,000",26 September 2021
2014 Hyundai Grand i10,SPORTZ 1.2 KAPPA VTVT,Manual,"77,808 km",1st Owner,Petrol,UP-14,"₹3,46,000",08 August 2021
2018 Maruti Celerio,VXI CNG,Manual,"81,143 km",1st Owner,CNG,DL-9C,"₹4,62,000",01 November 2018
2019 Hyundai Elite i20,1.2 SPORTS PLUS VTVT,Manual,"30,152 km",2nd Owner,Petrol,HR-26,"₹6,62,000",09 August 2022
2019 Maruti BALENO,ZETA PETROL 1.2,Manual,0 km,1st Owner,Petrol,DL-8C,"₹7,60,000",22 December 2021
2018 Hyundai Grand i10,MAGNA 1.2 VTVT,Manual,"15,736 km",1st Owner,Petrol,DL-10,"₹4,78,000",16 October 2018
2019 Maruti Baleno,DELTA PETROL 1.2,Manual,"74,161 km",2nd Owner,CNG,HR-34,"₹5,96,000",20 August 2020
2016 Honda Jazz,1.2 S AT,Automatic,"68,766 km",1st Owner,Petrol,DL-4C,"₹5,15,000",29 September 2023
2017 Maruti Ciaz,DELTA 1.4 VVT,Manual,"66,931 km",1st Owner,Petrol,DL-7C,"₹6,60,000",18 December 2020
2019 Hyundai NEW SANTRO,SPORTZ 1.1,Manual,"29,826 km",2nd Owner,Petrol,HR-26,"₹4,37,000",10 February 2022
2011 Toyota COROLLA ALTIS,1.8 G,Manual,"66,466 km",2nd Owner,Petrol,DL-12,"₹4,08,000",16 April 2020
2015 HYUNDAI ELITE I20,ASTA 1.2 (O),Manual,"72,417 km",2nd Owner,Petrol,DL-12,"₹5,41,000",15 September 2024
2018 Maruti Swift,ZXI,Manual,"42,705 km",1st Owner,Petrol,DL-3C,"₹6,28,000",22 April 2018
2019 Maruti SWIFT,LXI,Manual,"70,182 km",1st Owner,Petrol,DL-12,"₹5,45,000",08 May 2022
2021 Tata TIGOR,XZ PETROL,Manual,"39,895 km",1st Owner,Petrol,DL-7C,"₹6,46,000",10 April 2018
2021 Maruti New Wagon-R,LXI CNG (O) 1.0,Manual,"12,121 km",1st Owner,CNG,HR-26,"₹5,82,000",14 April 2024
2019 Maruti Vitara Brezza,ZDI PLUS DUAL TONE,Manual,"68,208 km",1st Owner,Diesel,HR-26,"₹8,79,000",09 June 2019
2018 Maruti IGNIS,DELTA 1.2 K12,Manual,"92,670 km",1st Owner,Petrol,DL-2C,"₹4,26,000",01 July 2024
2022 Maruti New Wagon-R,VXI 1.0,Manual,"3,741 km",1st Owner,Petrol,HR-51,"₹6,12,000",01 June 2019
2019 Renault Kwid,RXL,Manual,"19,729 km",1st Owner,Petrol,DL-8C,"₹3,73,000",28 December 2021
2019 Mahindra XUV500,W11,Manual,"32,204 km",1st Owner,Diesel,DL-1C,"₹13,75,000",12 July 2021
2016 Hyundai Elite i20,MAGNA 1.2,Manual,"38,043 km",1st Owner,Petrol,DL-7C,"₹5,23,000",06 April 2024
2015 Maruti Swift,VXI,Manual,"78,540 km",1st Owner,Petrol,DL-9C,"₹4,53,000",17 September 2022
2017 Maruti S CROSS,ZETA 1.3,Manual,"37,911 km",1st Owner,Diesel,DL-8C,"₹6,62,000",06 August 2024
2018 Maruti CELERIO X,ZXI,Manual,"48,335 km",1st Owner,Petrol,DL-9C,"₹4,29,000",13 November 2022
2017 Maruti SWIFT,LXI (O),Manual,"43,904 km",2nd Owner,Petrol,DL-12,"₹4,46,000",14 October 2023
2018 Maruti Celerio,VXI CNG,Manual,"81,406 km",1st Owner,CNG,DL-9C,"₹4,73,000",17 September 2021
2017 Hyundai Creta,1.4 E PLUS CRDI,Manual,"98,513 km",1st Owner,Diesel,HR-36,"₹7,82,000",03 March 2021
2018 Honda Amaze,1.5 SMT I DTEC,Manual,"82,187 km",1st Owner,Diesel,DL-10,"₹5,64,000",15 June 2020
2019 Mahindra XUV500,W11 (O),Manual,"23,017 km",1st Owner,Diesel,DL-12,"₹15,03,000",15 June 2021
2017 HYUNDAI ELITE I20,ASTA 1.2,Manual,"24,418 km",1st Owner,Petrol,DL-8C,"₹6,54,000",27 March 2018
2016 Maruti Baleno,DELTA PETROL 1.2,Manual,"28,131 km",2nd Owner,Petrol,DL-1C,"₹5,38,000",11 October 2024
2021 DATSUN REDI GO,,Manual,"7,330 km",1st Owner,Petrol,HR-72,"₹4,00,000",27 April 2018
2020 Honda Amaze,1.2L I-VTEC E,Manual,"13,328 km",1st Owner,Petrol,HR-26,"₹6,72,000",24 January 2018
2019 Hyundai Verna,1.6 CRDI SX,Manual,"37,640 km",1st Owner,Diesel,HR-51,"₹10,52,000",19 October 2018
2018 HYUNDAI CRETA,E PLUS 1.4 DIESEL,Manual,"93,155 km",2nd Owner,Diesel,UP-16,"₹8,52,000",20 September 2018
2014 Maruti Swift Dzire,ZXI,Manual,"70,706 km",1st Owner,Petrol,DL-2C,"₹4,42,000",11 May 2023
2017 Maruti Baleno,ZETA PETROL 1.2,Manual,"29,157 km",1st Owner,Petrol,DL-9C,"₹5,68,000",26 August 2018
2016 Toyota Innova Crysta,2.4 VX 7 STR,Manual,"72,147 km",1st Owner,Diesel,HR-36,"₹14,44,000",09 May 2025
2017 HONDA WR-V,1.5 i-DTEC S MT,Manual,"61,469 km",1st Owner,Diesel,HR-26,"₹6,12,000",16 June 2018
2022 Renault Kiger, RXT (O) AMT 1.0 DUAL TONE,Automatic,"6,642 km",1st Owner,Petrol,UP-14,"₹8,42,000",25 March 2024
2020 Skoda Rapid,1.0 AMBITION TSI AT,Automatic,"10,713 km",1st Owner,Petrol,DL-10,"₹10,51,000",21 January 2018
2019 Maruti Baleno,DELTA PETROL 1.2,Manual,"61,195 km",2nd Owner,Petrol,UP-14,"₹5,79,000",10 August 2023
2020 Maruti Swift,LXI,Manual,"2,297 km",2nd Owner,Petrol,DL-14,"₹5,82,000",16 February 2020
2018 Maruti Vitara Brezza,ZDI,Manual,"40,587 km",2nd Owner,Diesel,DL-3C,"₹7,19,000",23 October 2019
2020 KIA SELTOS,HTK PLUS 1.5 DIESEL,Manual,"84,335 km",1st Owner,Diesel,DL-12,"₹12,48,000",22 July 2024
2018 Ford Ecosport,1.5TITANIUM TDCI,Manual,"45,730 km",1st Owner,Diesel,DL-12,"₹7,58,000",24 February 2019
2021 Honda Amaze,1.2 V CVT I VTEC,Automatic,"21,826 km",1st Owner,Petrol,DL-4C,"₹8,33,000",01 February 2024
2018 HYUNDAI TUCSON NEW,GLS 4WD AT DIESEL,Automatic,"25,149 km",1st Owner,Diesel,UP-16,"₹18,46,000",04 October 2020
2018 HONDA CITY,VX CVT PETROL,Automatic,"75,891 km",1st Owner,Petrol,UP-32,"₹8,98,000",19 January 2025
2020 Honda Amaze,1.2L I-VTEC S,Manual,"47,657 km",1st Owner,Petrol,DL-3C,"₹6,35,000",31 January 2018
2019 HYUNDAI CRETA,SX AT 1.6 DIESEL,Automatic,"80,459 km",1st Owner,Diesel,UP-14,"₹12,74,000",21 November 2024
2021 Honda City,V MT PETROL,Manual,"19,216 km",1st Owner,Petrol,UP-16,"₹9,60,000",27 February 2024
2019 Hyundai Creta,1.6 SX VTVT (O) EXECUTIVE,Manual,"81,872 km",1st Owner,Petrol,DL-12,"₹11,60,000",21 September 2021
2020 Hyundai Elite i20,1.2 SPORTS PLUS VTVT,Manual,"38,241 km",1st Owner,Petrol,DL-1C,"₹7,70,000",10 October 2018
2015 Hyundai Grand i10,ASTA AT 1.2 KAPPA VTVT,Automatic,"75,171 km",1st Owner,Petrol,DL-2C,"₹4,23,000",29 March 2019
2020 Hyundai NEW SANTRO,MAGNA CNG,Manual,"19,016 km",2nd Owner,CNG,DL-1C,"₹5,05,000",23 November 2020
2018 Honda City,V MT PETROL,Manual,"49,089 km",1st Owner,Petrol,DL-10,"₹8,29,000",13 July 2018
2017 Hyundai Grand i10,SPORTZ (O) 1.2 AT VTVT,Automatic,"30,210 km",1st Owner,Petrol,DL-8C,"₹5,76,000",09 November 2019
2014 HONDA CITY,SV MT PETROL,Manual,"60,378 km",1st Owner,Petrol,UP-32,"₹5,21,000",28 February 2024
2018 Maruti VITARA BREZZA,ZDI + AMT,Automatic,"41,271 km",1st Owner,Diesel,DL-2C,"₹8,48,000",31 August 2019
2021 Hyundai VENUE,S 1.0 TURBO IMT,Manual,"23,036 km",1st Owner,Petrol,DL-10,"₹10,33,000",26 October 2020
2019 HYUNDAI NEW SANTRO,SPORTZ 1.1,Manual,"10,632 km",1st Owner,Petrol,DL-12,"₹4,81,000",26 May 2018
2019 Ford Ecosport,1.5 TREND TI VCT,Manual,"20,728 km",2nd Owner,CNG,HR-29,"₹7,55,000",04 May 2025
2021 TOYOTA YARIS,J MT,Manual,"8,465 km",1st Owner,Petrol,DL-10,"₹9,88,000",23 March 2018
2021 Maruti Baleno,DELTA PETROL 1.2,Manual,"44,141 km",1st Owner,Petrol,DL-8C,"₹6,68,000",03 June 2021
2017 HYUNDAI GRAND I10,MAGNA 1.2 KAPPA VTVT,Manual,"35,810 km",2nd Owner,CNG,HR-26,"₹4,57,000",07 February 2025
2016 Hyundai Elite i20,ASTA 1.2,Manual,"32,296 km",1st Owner,Petrol,DL-2C,"₹5,96,000",16 September 2018
2021 Hyundai NEW I20,MAGNA 1.5 MT,Manual,"11,726 km",1st Owner,Diesel,HR-98,"₹8,29,000",28 November 2022
2014 Maruti Wagon R 1.0,LXI,Manual,"23,760 km",1st Owner,Petrol,DL-2C,"₹3,24,000",14 October 2022
2017 Maruti CIAZ,DELTA 1.4 MT PETROL,Manual,"83,946 km",2nd Owner,Petrol,HR-26,"₹6,26,000",12 December 2018
2020 KIA SELTOS,HTK PLUS AT 1.5 DIESEL,Automatic,"49,488 km",1st Owner,Diesel,HR-26,"₹13,77,000",23 February 2018
2018 Maruti CIAZ,ALPHA 1.5 SHVS PETROL,Manual,"55,980 km",2nd Owner,Petrol,DL-12,"₹8,75,000",07 April 2022
2015 HONDA CITY,SV MT PETROL,Manual,"47,670 km",2nd Owner,Petrol,DL-4C,"₹6,15,000",08 July 2019
2015 Maruti Swift,LXI,Manual,"55,080 km",1st Owner,Petrol,DL-2C,"₹4,32,000",05 May 2025
2020 Maruti Dzire,VXI AMT,Automatic,"70,510 km",2nd Owner,Petrol,HR-51,"₹6,92,000",30 March 2024
2020 Hyundai VENUE,SX PLUS 1.0 TURBO DCT,Automatic,"18,194 km",1st Owner,Petrol,DL-5C,"₹11,24,000",26 August 2020
2018 Maruti Baleno,DELTA PETROL 1.2,Manual,"24,674 km",2nd Owner,Petrol,DL-6C,"₹6,01,000",26 March 2019
2017 Maruti CIAZ,SIGMA 1.4 VVT,Manual,"69,680 km",1st Owner,Petrol,HR-26,"₹6,11,000",09 March 2024
2018 Maruti Swift,VXI,Manual,"55,483 km",1st Owner,Petrol,DL-1C,"₹5,48,000",07 August 2022
2018 Hyundai Grand i10,MAGNA 1.2 KAPPA VTVT,Manual,"85,759 km",2nd Owner,CNG,HR-51,"₹4,72,000",27 April 2024
2018 Maruti Vitara Brezza,ZDI PLUS DUAL TONE,Manual,"48,535 km",1st Owner,Diesel,DL-12,"₹7,63,000",14 April 2023
2020 KIA SELTOS,GTX + AT PETROL,Automatic,"28,506 km",1st Owner,Petrol,HR-26,"₹16,33,000",04 May 2018
2014 Honda Amaze,1.2 SX MT I VTEC,Manual,"55,379 km",1st Owner,Petrol,DL-3C,"₹4,23,000",08 November 2021
2020 Maruti Baleno,ALPHA PETROL 1.2,Manual,"22,244 km",1st Owner,Petrol,DL-6C,"₹7,78,000",11 January 2020
2019 Honda Amaze,VX AT I DTEC,Automatic,"69,222 km",2nd Owner,Diesel,HR-26,"₹7,40,000",19 November 2018
2013 HONDA BRIO,1.2 S MT I VTEC,Manual,"43,956 km",1st Owner,Petrol,DL-2C,"₹3,13,000",05 May 2025
2015 Honda City,1.5L I-VTEC VX CVT,Automatic,"34,851 km",1st Owner,Petrol,UP-78,"₹7,03,600",05 October 2018
2019 Maruti Baleno,ZETA PETROL 1.2,Manual,"8,924 km",1st Owner,Petrol,UP-14,"₹6,71,000",08 May 2019
2020 Maruti New Wagon-R,LXI CNG 1.0 L,Manual,"23,040 km",1st Owner,CNG,DL-11,"₹5,68,000",18 January 2019
2020 HYUNDAI AURA,S 1.2 CNG,Manual,"41,871 km",1st Owner,CNG,DL-12,"₹7,41,000",16 May 2025
2021 Toyota YARIS,J CVT,Automatic,"15,778 km",1st Owner,Petrol,HR-98,"₹10,46,000",02 February 2019
2021 NISSAN MAGNITE,XL Turbo CVT,Automatic,"21,967 km",1st Owner,Petrol,DL-8C,"₹8,86,000",13 September 2020
2018 Maruti Vitara Brezza,ZDI PLUS,Manual,"7,749 km",1st Owner,Diesel,DL-9C,"₹8,93,000",01 August 2021
2017 TOYOTA COROLLA ALTIS,GL,Manual,"45,060 km",2nd Owner,Petrol,DL-10,"₹11,53,000",16 November 2023
2017 Hyundai Grand i10,SPORTZ (O) 1.2 KAPPA VTVT,Manual,"37,646 km",1st Owner,Petrol,DL-4C,"₹5,10,000",13 December 2020
2015 HONDA JAZZ,1.2L I-VTEC VX,Manual,"80,224 km",1st Owner,Petrol,DL-3C,"₹4,70,000",04 July 2023
2018 Hyundai Grand i10,SPORTZ (O) AT 1.2 KAPPA VTVT,Automatic,"56,054 km",1st Owner,Petrol,DL-10,"₹5,79,000",24 August 2022
2018 Maruti Swift,ZXI AMT,Automatic,"37,338 km",1st Owner,Petrol,DL-8C,"₹6,71,000",21 September 2018
2021 Tata NEXON,XZ+ 1.5,Manual,"10,422 km",1st Owner,Diesel,HR-26,"₹11,89,000",13 April 2023
2021 Maruti New Wagon-R,LXI CNG 1.0 L,Manual,"14,396 km",1st Owner,CNG,DL-8C,"₹5,89,000",17 July 2020
2018 Maruti Vitara Brezza,VDI,Manual,"49,317 km",1st Owner,Diesel,DL-6C,"₹7,27,000",28 October 2023
2016 Hyundai Grand i10,ASTA 1.2 (O) VTVT,Manual,"25,073 km",1st Owner,Petrol,DL-3C,"₹4,68,000",26 July 2022
2020 KIA SELTOS,GTX + AT PETROL,Automatic,"18,651 km",1st Owner,Petrol,DL-14,"₹16,46,000",30 May 2018
2018 HYUNDAI CRETA,1.6 SX (O) CRDI,Manual,"60,805 km",2nd Owner,Diesel,UP-16,"₹9,28,000",14 February 2019
2018 Maruti Vitara Brezza,VDI OPT,Manual,"34,238 km",1st Owner,Diesel,DL-1C,"₹7,50,000",26 May 2020
2019 Maruti CIAZ,Alpha 1.5 Diesel,Manual,"60,812 km",2nd Owner,Diesel,DL-3C,"₹9,85,000",16 April 2020
2019 Maruti Alto,LXI CNG,Manual,"41,807 km",1st Owner,CNG,DL-3C,"₹3,83,000",24 August 2023
2021 Maruti Baleno,DELTA PETROL 1.2,Manual,"19,875 km",1st Owner,Petrol,DL-8C,"₹7,16,000",07 April 2019
2018 Hyundai Creta,1.6 CRDI SX PLUS AUTO,Automatic,"60,316 km",1st Owner,Diesel,DL-8C,"₹11,92,000",15 August 2022
2021 Mahindra Thar,LX PETROL HT 4WD AT,Automatic,"12,949 km",1st Owner,Petrol,UP-16,"₹15,03,000",27 January 2019
2017 Maruti Baleno,DELTA PETROL 1.2,Manual,"55,725 km",1st Owner,Petrol,DL-9C,"₹5,06,000",06 September 2022
2017 Ford Ecosport,1.5TITANIUM TDCI,Manual,"51,665 km",1st Owner,Diesel,HR-34,"₹6,58,000",12 January 2018
2016 HONDA AMAZE,1.2 SX MT I VTEC,Manual,"29,081 km",1st Owner,Petrol,DL-2C,"₹5,21,000",10 April 2025
2016 Hyundai Creta,1.6 S,Manual,"78,700 km",1st Owner,Petrol,DL-8C,"₹8,00,000",03 December 2023
2016 Maruti Baleno,ZETA CVT PETROL 1.2,Automatic,"32,334 km",1st Owner,Petrol,UP-14,"₹5,73,000",12 October 2022
2011 HYUNDAI I20,MAGNA (O) 1.2,Manual,"72,982 km",1st Owner,Petrol,HR-29,"₹2,83,000",02 February 2025
2018 Tata Tiago,XZA 1.2 REVOTRON,Automatic,"27,451 km",2nd Owner,Petrol,HR-26,"₹5,35,000",30 November 2018
2018 Honda City,V MT PETROL,Manual,"32,812 km",1st Owner,Petrol,HR-26,"₹8,32,000",02 January 2022
2019 Hyundai Creta,1.6 SX VTVT,Manual,"21,153 km",1st Owner,Petrol,UP-16,"₹11,49,000",07 August 2022
2020 Maruti VITARA BREZZA,ZXI PLUS,Manual,"10,684 km",1st Owner,Petrol,HR-29,"₹9,66,000",18 August 2019
2016 Honda Amaze,1.2 SX MT I VTEC,Manual,"26,535 km",1st Owner,Petrol,DL-8C,"₹5,15,000",08 February 2024
2021 Maruti S Cross,ZETA 1.5,Manual,"16,158 km",1st Owner,Petrol,UP-32,"₹9,42,000",08 November 2018
2020 Maruti Ciaz,ALPHA 1.5 MT VTVT SHVS,Manual,"18,699 km",1st Owner,Petrol,HR-23,"₹9,56,000",09 April 2023
2017 Maruti Baleno,DELTA PETROL 1.2,Manual,"57,559 km",1st Owner,Petrol,DL-8C,"₹5,50,000",14 January 2022
2019 Maruti Baleno,DELTA PETROL 1.2,Manual,"28,991 km",1st Owner,Petrol,DL-2C,"₹6,27,000",13 June 2023
2021 Maruti Alto,LXI CNG,Manual,"27,451 km",1st Owner,CNG,DL-6C,"₹4,56,000",20 February 2024
2016 Maruti Baleno,DELTA PETROL 1.2,Manual,"51,415 km",1st Owner,Petrol,DL-8C,"₹5,22,000",25 April 2018
2017 Hyundai Elite i20,MAGNA EXECUTIVE 1.2,Manual,"62,148 km",2nd Owner,Petrol,DL-4C,"₹5,14,000",29 May 2018
2021 HONDA WR-V,1.5L I-DTEC VX MT,Manual,"8,125 km",1st Owner,Diesel,HR-51,"₹10,22,700",30 June 2019
2016 Hyundai Elite i20,MAGNA 1.2,Manual,"30,873 km",1st Owner,Petrol,DL-9C,"₹5,22,000",10 January 2023
2019 Maruti IGNIS,DELTA 1.2,Manual,"27,641 km",1st Owner,Petrol,HR-26,"₹5,05,000",06 January 2024
2018 Maruti Dzire,VDI,Manual,"68,644 km",2nd Owner,Diesel,HR-26,"₹6,02,000",17 April 2023
2016 HYUNDAI ELITE I20,ASTA 1.2 (O),Manual,"84,534 km",2nd Owner,Petrol,UP-14,"₹5,87,000",01 April 2022
2019 Toyota INNOVA CRYSTA,2.8 ZX AT 7 STR,Automatic,"49,585 km",1st Owner,Diesel,HR-29,"₹20,15,000",10 May 2022
2013 Honda Brio,1.2 EX MT I VTEC,Manual,"65,641 km",1st Owner,Petrol,HR-26,"₹3,10,000",13 March 2021
2019 HONDA WR-V,1.2 i-VTEC VX MT,Manual,"38,273 km",2nd Owner,Petrol,UP-85,"₹7,23,000",08 October 2022
2019 HYUNDAI VENUE,SX 1.0 TURBO,Manual,"37,597 km",2nd Owner,Petrol,DL-2C,"₹8,92,000",28 June 2019
2020 Toyota YARIS,G MT,Manual,"72,618 km",1st Owner,Petrol,HR-36,"₹8,00,000",02 July 2024
2017 Maruti Baleno,DELTA PETROL 1.2,Manual,"39,961 km",1st Owner,Petrol,HR-51,"₹5,57,000",02 August 2019
2019 Mahindra MARAZZO,M6 8 STR,Manual,"35,590 km",1st Owner,Diesel,HR-26,"₹10,65,000",28 November 2021
2019 Honda Amaze,1.2 SMT I VTEC,Manual,"49,648 km",1st Owner,Petrol,UP-14,"₹5,97,000",14 February 2023
2020 Maruti Baleno,ALPHA PETROL 1.2,Manual,"10,869 km",1st Owner,Petrol,HR-26,"₹7,72,000",18 April 2024
2019 Ford Ecosport,1.5 TITANIUM TI VCT,Manual,"23,356 km",2nd Owner,Petrol,HR-26,"₹7,87,000",06 March 2024
2019 Maruti Baleno,ZETA PETROL 1.2,Manual,"24,713 km",1st Owner,Petrol,DL-7C,"₹7,39,000",05 May 2018
2013 Honda City,S MT PETROL,Manual,"96,271 km",1st Owner,Petrol,DL-3C,"₹4,37,000",04 August 2024
2020 Hyundai Creta,SX MT,Manual,"55,985 km",1st Owner,Diesel,HR-30,"₹15,02,000",29 June 2023
2015 HYUNDAI GRAND I10,ASTA 1.2 KAPPA VTVT,Manual,"82,117 km",2nd Owner,Petrol,DL-1C,"₹4,28,000",05 December 2023
2019 Maruti Vitara Brezza,ZDI AMT,Automatic,"74,766 km",1st Owner,Diesel,DL-3C,"₹9,22,000",07 May 2018
2017 Maruti CIAZ,SHVS VDI,Manual,"60,895 km",1st Owner,Diesel,HR-51,"₹5,94,000",16 May 2023
2016 Hyundai TUCSON NEW,GLS 2WD AT PETROL,Automatic,"74,977 km",2nd Owner,Petrol,DL-4C,"₹13,21,000",28 July 2019
2015 HYUNDAI ELITE I20,SPORTZ 1.2,Manual,"84,176 km",1st Owner,Petrol,DL-3C,"₹5,16,000",06 May 2018
2018 Honda WR-V,1.2L I-VTEC VX MT,Manual,"41,825 km",1st Owner,Petrol,HR-26,"₹8,04,000",19 January 2021
2019 Maruti Baleno,ALPHA CVT PETROL 1.2,Automatic,"66,714 km",1st Owner,Petrol,HR-70,"₹7,30,000",19 February 2022
2020 Maruti S PRESSO,VXI,Manual,1 km,1st Owner,Petrol,HR-26,"₹4,04,000",20 February 2024
2021 Maruti CIAZ,ZETA 1.5 SHVS VVT MT,Manual,"54,326 km",1st Owner,Petrol,UP-16,"₹8,92,000",26 August 2019
2018 Maruti Vitara Brezza,ZDI PLUS,Manual,"64,938 km",1st Owner,Diesel,DL-9C,"₹8,14,000",30 September 2023
2022 Renault TRIBER,1.0 RXZ,Manual,"11,325 km",1st Owner,Petrol,DL-12,"₹8,00,000",26 April 2024
2018 Hyundai Creta,SX AT 1.6 DIESEL,Automatic,"57,263 km",1st Owner,Diesel,UP-16,"₹11,30,000",05 March 2023
2015 Maruti Swift,VXI,Manual,"12,255 km",1st Owner,Petrol,DL-3C,"₹4,82,000",20 December 2022
2017 Maruti Baleno,DELTA PETROL 1.2,Manual,"43,381 km",1st Owner,Petrol,DL-8C,"₹5,66,000",05 February 2021
2021 Mahindra Thar,LX HT PETROL 4WD MT,Manual,"8,170 km",1st Owner,Petrol,HR-51,"₹14,94,000",31 March 2023
2010 Maruti ALTO,LXI,Manual,"48,622 km",2nd Owner,Petrol,HR-26,"₹1,53,000",23 March 2021
2015 Maruti SWIFT,VXI,Manual,"79,356 km",1st Owner,Petrol,UP-85,"₹4,61,000",11 December 2020
2019 Maruti VITARA BREZZA,ZDI PLUS,Manual,"41,612 km",1st Owner,Diesel,DL-12,"₹8,15,000",01 July 2018
2017 Hyundai Grand i10,MAGNA 1.2 KAPPA VTVT,Manual,,2nd Owner,Petrol,DL-9C,"₹4,25,000",25 November 2022
2019 Maruti Swift,LXI,Manual,"49,661 km",1st Owner,Petrol,DL-5C,"₹5,53,000",18 July 2020
2018 Maruti Vitara Brezza,ZDI PLUS,Manual,"91,454 km",1st Owner,Diesel,DL-1C,"₹7,83,000",13 April 2023
2019 Maruti Swift,LXI,Manual,"1,994 km",2nd Owner,Petrol,HR-51,"₹5,59,000",11 September 2018
2018 HYUNDAI CRETA,1.6 CRDI SX PLUS AUTO,Automatic,"80,448 km",1st Owner,Diesel,HR-26,"₹12,38,000",13 February 2024
2020 Maruti Celerio,VXI CNG,Manual,"84,583 km",1st Owner,CNG,DL-9C,"₹5,19,000",20 March 2024
2019 Maruti Vitara Brezza,ZDI AMT,Automatic,"40,155 km",1st Owner,Diesel,DL-9C,"₹9,27,000",22 March 2023
2021 Honda Amaze,1.2L I-VTEC S,Manual,"8,183 km",1st Owner,Petrol,UP-16,"₹7,37,000",20 July 2024
2018 Maruti Dzire,ZDI PLUS AMT,Automatic,"78,332 km",1st Owner,Diesel,DL-1C,"₹6,58,000",26 May 2019
2014 Maruti Swift,VXI,Manual,"11,716 km",1st Owner,Petrol,UP-14,"₹4,11,000",11 December 2022
2020 TATA ALTROZ,XZ PETROL,Manual,"17,780 km",1st Owner,Petrol,DL-9C,"₹7,31,000",17 November 2023
2022 Maruti New Wagon-R,LXI CNG (O) 1.0,Manual,"36,429 km",1st Owner,CNG,HR-76,"₹6,01,000",05 March 2023
2017 HONDA JAZZ,1.2L I-VTEC V AT,Automatic,"25,163 km",1st Owner,Petrol,HR-26,"₹6,54,000",19 June 2022
2019 Honda Amaze,1.2 V CVT I VTEC,Automatic,"40,271 km",1st Owner,Petrol,HR-26,"₹7,19,000",10 October 2024
2019 Maruti Vitara Brezza,VDI,Manual,"28,244 km",1st Owner,Diesel,DL-3C,"₹8,10,000",06 April 2020
2019 TATA NEXON,XMA PETROL,Automatic,"21,958 km",1st Owner,Petrol,DL-2C,"₹8,40,000",25 September 2019
2017 Maruti Wagon R 1.0,VXI+ AMT,Automatic,"37,432 km",2nd Owner,Petrol,DL-9C,"₹4,38,000",06 November 2022
2018 Maruti VITARA BREZZA,ZDI PLUS AMT,Automatic,"48,600 km",1st Owner,Diesel,DL-6C,"₹8,62,000",28 June 2020
2021 Honda WR-V,1.2 i-VTEC VX MT,Manual,"15,224 km",1st Owner,Petrol,UP-85,"₹9,08,000",15 March 2019
2021 Maruti Swift,ZXI PLUS AMT DUAL TONE,Automatic,"11,545 km",2nd Owner,Petrol,DL-12,"₹8,58,000",16 January 2020
2015 Maruti Alto K10,VXI OPT,,"45,540 km",1st Owner,Petrol,DL-2C,"₹3,07,000",20 October 2024
2018 Maruti CIAZ,ALPHA 1.5 SHVS PETROL,Manual,"15,387 km",1st Owner,Petrol,DL-6C,"₹9,15,000",28 February 2019
2018 Maruti Vitara Brezza,ZDI,Manual,"45,655 km",1st Owner,Diesel,DL-8C,"₹8,01,000",18 December 2024
2018 Hyundai Eon,MAGNA PLUS OPTIONAL,,"33,233 km",1st Owner,Petrol,UP-21,"₹3,65,000",21 September 2018
2016 Maruti Baleno,DELTA CVT PETROL 1.2,Automatic,"55,821 km",1st Owner,Petrol,UP-14,"₹5,39,000",25 March 2022
2021 TATA TIAGO,XE 1.2 REVOTRON,Manual,"19,811 km",1st Owner,Petrol,HR-51,"₹5,79,000",28 October 2023
2015 Hyundai Grand i10,MAGNA 1.2 KAPPA VTVT,Manual,"63,706 km",1st Owner,Petrol,DL-8C,"₹3,82,000",07 June 2022
2019 MAHINDRA XUV 3OO,W6 1.5 DIESEL,Manual,"31,287 km",1st Owner,Diesel,HR-51,"₹8,74,000",21 February 2025
2016 Maruti Swift,LXI (O),Manual,"49,414 km",2nd Owner,Petrol,DL-1C,"₹4,30,000",12 September 2024
2021 Tata NEXON,XZ+ OPT PETROL,Manual,"12,392 km",1st Owner,Petrol,HR-98,"₹10,46,650",03 September 2019
2021 Mahindra Thar,LX D 4*4 MT HT,Manual,"11,271 km",1st Owner,Diesel,HR-26,"₹16,23,000",06 October 2019
2021 Maruti Celerio,ZXI PLUS AGS,Automatic,"1,473 km",1st Owner,Petrol,DL-12,"₹6,69,000",29 October 2020
2020 Maruti BALENO,ALPHA PETROL 1.2,Manual,"10,393 km",1st Owner,Petrol,DL-9C,"₹7,77,000",02 September 2019
2014 Maruti SWIFT,VXI,Manual,"84,447 km",1st Owner,Petrol,DL-8C,"₹4,12,000",28 May 2018
2019 Maruti Dzire,VXI,Manual,"44,546 km",1st Owner,Petrol,DL-5C,"₹6,83,000",02 December 2020
2017 Honda City,V MT PETROL,Manual,"39,749 km",1st Owner,Petrol,HR-26,"₹7,53,000",15 November 2020
2019 Maruti Vitara Brezza,VDI,Manual,"58,894 km",1st Owner,Diesel,DL-3C,"₹7,77,000",04 January 2021
2022 HYUNDAI XCENT PRIME,"	T+ CNG",Manual,"13,444 km",1st Owner,CNG,DL-11,"₹7,04,000",22 October 2022
2020 HONDA CITY,VX MT PETROL,Manual,"7,802 km",1st Owner,Petrol,HR-26,"₹11,52,000",27 July 2020
2020 Maruti Baleno,ZETA PETROL 1.2,Manual,"22,982 km",2nd Owner,Petrol,DL-5C,"₹6,86,000",02 June 2022
2011 Maruti WAGON R 1.0,VXI,Manual,"78,930 km",1st Owner,Petrol,DL-8C,"₹2,23,000",29 September 2022
2012 HONDA CITY,S MT PETROL,Manual,"45,073 km",1st Owner,Petrol,HR-26,"₹4,27,000",21 January 2019
2018 Maruti Vitara Brezza,ZDI PLUS AMT,Automatic,"57,643 km",1st Owner,Diesel,DL-12,"₹8,57,000",18 June 2019
2019 Maruti Swift,LXI,Manual,"21,693 km",1st Owner,Petrol,DL-2C,"₹5,60,000",03 July 2023
2018 Maruti IGNIS,ALPHA 1.2 AMT,Automatic,"52,777 km",1st Owner,Petrol,UP-16,"₹6,03,000",21 March 2018
2012 Maruti Swift,VXI,Manual,"8,658 km",1st Owner,Petrol,DL-6C,"₹3,45,000",02 September 2018
2022 Maruti Dzire,ZXI CNG,Manual,"6,505 km",1st Owner,CNG,HR-29,"₹9,46,000",18 August 2022
2020 Maruti Baleno,DELTA PETROL 1.2,Manual,"23,735 km",1st Owner,Petrol,HR-35,"₹6,26,000",15 June 2019
2019 Hyundai Elite i20,1.2 SPORTS PLUS VTVT,Manual,"28,450 km",1st Owner,Petrol,UP-70,"₹7,24,000",22 February 2018
2015 Maruti Celerio,ZXI,Manual,"49,939 km",2nd Owner,Petrol,HR-26,"₹3,79,000",08 September 2020
2020 Maruti Baleno,DELTA PETROL 1.2,Manual,"31,853 km",1st Owner,Petrol,HR-12,"₹6,69,000",30 October 2024
2020 Maruti New Wagon-R,LXI CNG,Manual,"23,705 km",1st Owner,CNG,DL-2C,"₹5,92,000",05 March 2020
2019 Maruti Vitara Brezza,ZDI,Manual,"48,230 km",1st Owner,Diesel,DL-9C,"₹7,97,000",22 September 2024
2019 Maruti Swift,LXI,Manual,"25,394 km",1st Owner,Petrol,DL-2C,"₹5,70,000",09 November 2019
2018 RENAULT DUSTER,RXZ DIESEL 110,Manual,"83,253 km",1st Owner,Diesel,UP-14,"₹7,40,000",17 December 2020
2021 Maruti Vitara Brezza,ZXI,Manual,"27,073 km",1st Owner,Petrol,UP-78,"₹9,38,000",18 January 2024
2022 Renault TRIBER,RXZ MT DUAL TONE,Manual,"6,844 km",1st Owner,Petrol,HR-13,"₹8,41,000",24 September 2020
2019 Maruti VITARA BREZZA,ZDI AMT,Automatic,"26,727 km",1st Owner,Diesel,UP-32,"₹9,27,000",31 January 2022
2021 Maruti Baleno,ZETA PETROL 1.2,Manual,"3,723 km",1st Owner,Petrol,HR-26,"₹7,56,000",24 October 2021
2019 Maruti Vitara Brezza,ZDI AMT,Automatic,"56,107 km",1st Owner,Diesel,HR-26,"₹8,06,000",26 June 2024
2021 Renault Kiger,RXZ 1.0 Easy R Petrol,Automatic,"8,383 km",1st Owner,Petrol,DL-3C,"₹8,50,000",04 July 2022
2019 Maruti Vitara Brezza,ZDI,Manual,"23,595 km",2nd Owner,Diesel,UP-15,"₹8,62,000",09 April 2020
2014 Hyundai i20,SPORTZ 1.2 VTVT,Manual,"65,518 km",1st Owner,Petrol,UP-14,"₹4,42,000",21 November 2024
2011 Maruti Alto K10,VXI,Manual,"39,093 km",1st Owner,Petrol,DL-12,"₹1,86,000",30 January 2024
2021 Maruti New Wagon-R,1.0 Lxi (o) cng,Manual,"11,646 km",1st Owner,CNG,DL-14,"₹6,08,000",01 August 2023
2015 Maruti Swift,VXI,Manual,"55,674 km",1st Owner,Petrol,DL-9C,"₹4,38,000",11 February 2024
2021 Renault Duster,RXZ CVT 1.3 TURBO,Automatic,"10,831 km",1st Owner,Petrol,DL-7C,"₹13,70,000",12 July 2021
2020 Maruti Vitara Brezza,VXI,Manual,"53,238 km",1st Owner,Petrol,UP-16,"₹8,18,000",28 November 2020
2022 Honda Amaze,1.2L I-VTEC VX CVT,Automatic,"12,379 km",1st Owner,Petrol,UP-14,"₹10,11,000",23 July 2022
2019 Maruti Swift,LXI,Manual,"16,820 km",1st Owner,Petrol,DL-5C,"₹5,66,000",06 March 2021
2018 DATSUN REDI GO,1.0 S AT,Automatic,"72,230 km",2nd Owner,Petrol,HR-06,"₹3,30,000",01 December 2020
2018 Maruti Ciaz,ALPHA 1.4 VVT AMT,Automatic,"60,653 km",1st Owner,Petrol,DL-8C,"₹8,78,000",18 July 2023
2019 Maruti Baleno,DELTA PETROL 1.2,Manual,"48,397 km",2nd Owner,Petrol,DL-8C,"₹6,07,000",24 June 2018
2020 HONDA CITY,1.5L I-VTEC VX CVT,Automatic,"32,005 km",1st Owner,Petrol,DL-7C,"₹11,73,000",14 October 2018
2021 TATA TIGOR,XZ PLUS 1.2 REVOTRON,Manual,"7,268 km",1st Owner,Petrol,UP-14,"₹7,70,000",08 June 2020
2017 Maruti BALENO,DELTA PETROL 1.2,Manual,"32,550 km",2nd Owner,Petrol,DL-10,"₹5,52,000",09 February 2024
2020 Honda City,VX MT PETROL,Manual,"16,320 km",1st Owner,Petrol,DL-9C,"₹10,92,000",02 April 2018
2021 KIA SONET,GTX PLUS 1.5D  AT,Automatic,"39,565 km",1st Owner,Diesel,UP-16,"₹13,29,000",05 July 2021
2019 HONDA CITY,1.5L I-VTEC ZX CVT,Automatic,"36,609 km",1st Owner,Petrol,HR-26,"₹11,25,000",11 October 2018
2022 Tata Harrier,XZA PLUS,Automatic,"7,788 km",1st Owner,Diesel,HR-51,"₹20,96,000",19 October 2022
2021 Maruti Baleno,ZETA PETROL 1.2,Manual,"10,401 km",1st Owner,Petrol,HR-29,"₹7,64,000",12 December 2023
2020 Maruti IGNIS,ALPHA 1.2 AMT,Automatic,"10,723 km",2nd Owner,Petrol,DL-8C,"₹6,89,000",18 December 2022
2021 Maruti BALENO,DELTA PETROL 1.2,Manual,"16,017 km",1st Owner,Petrol,UP-14,"₹6,87,000",26 September 2024
2017 Ford Ecosport,TREND 1.5L PETROL,Manual,"58,538 km",1st Owner,Petrol,UP-32,"₹6,04,000",28 September 2020
2018 Honda WR-V,1.2 i-VTEC VX MT,Manual,"12,724 km",2nd Owner,Petrol,,"₹8,03,000",02 April 2024
2019 HYUNDAI VENUE,SX 1.0 TURBO,Manual,"40,530 km",1st Owner,Petrol,DL-10,"₹9,80,000",03 November 2022
2020 Maruti ALTO,VXI,Manual,"18,344 km",1st Owner,Petrol,HR-49,"₹3,47,000",01 May 2022
2019 Honda Jazz,1.2 VX AT,Automatic,"8,652 km",2nd Owner,Petrol,HR-26,"₹7,69,000",18 June 2019
2017 Hyundai Grand i10,Magna 1.2 AT  VTVT,Automatic,"42,133 km",1st Owner,Petrol,DL-4C,"₹5,27,000",13 May 2021
2021 Honda City,1.5L I-VTEC ZX CVT,Automatic,"9,438 km",1st Owner,Petrol,HR-51,"₹15,31,000",29 January 2023
2018 Maruti Vitara Brezza,VDI,Manual,"28,565 km",1st Owner,Diesel,HR-51,"₹7,47,000",14 December 2020
2019 Maruti Vitara Brezza,ZDI,Manual,"48,414 km",1st Owner,Diesel,UP-14,"₹8,43,000",20 December 2024
2018 Maruti Vitara Brezza,ZDI,Manual,"91,240 km",1st Owner,Diesel,UP-16,"₹7,46,000",21 March 2023
2019 Renault Kwid,RXL,Manual,"9,258 km",2nd Owner,Petrol,DL-3C,"₹3,51,000",01 August 2022
2018 Maruti Swift,VXI AMT,Automatic,"29,043 km",2nd Owner,Petrol,HR-26,"₹5,81,000",27 December 2018
2018 FORD ECOSPORT,AMBIENTE 1.5L DIESEL,Manual,"24,931 km",1st Owner,Diesel,DL-7C,"₹7,08,000",19 September 2023
2019 Hyundai NEW SANTRO,SPORTZ MT,Manual,"60,207 km",1st Owner,Petrol,UP-14,"₹4,51,000",09 August 2019
2020 HYUNDAI AURA,S 1.2 CNG,Manual,"28,942 km",2nd Owner,CNG,UP-14,"₹7,48,000",10 December 2019
2019 Maruti Vitara Brezza,VDI,Manual,"29,480 km",1st Owner,Diesel,DL-1C,"₹8,09,000",28 March 2023
2019 Renault Kwid,1.0 RXT Opt,Manual,"25,977 km",1st Owner,Petrol,HR-26,"₹3,87,000",15 November 2018
2022 Renault Kwid,CLIMBER 1.0 AT,Automatic,"8,786 km",1st Owner,Petrol,DL-12,"₹6,01,000",16 January 2022
2021 Maruti Dzire,ZXI Plus AMT,Automatic,"20,250 km",2nd Owner,Petrol,HR-26,"₹7,96,000",21 January 2021
2019 Renault Duster,RXS 106 PS MT,Manual,"47,944 km",1st Owner,Petrol,DL-7C,"₹8,55,000",08 December 2022
2019 Tata NEXON,XZA PLUS PETROL,Automatic,"28,345 km",1st Owner,CNG,UP-14,"₹10,05,000",20 December 2020
2021 Mahindra Thar,LX  4WD AT CONVERTIBLE,Automatic,"17,524 km",1st Owner,Petrol,UP-11,"₹14,67,000",01 December 2020
2016 Maruti Baleno,DELTA PETROL 1.2,Manual,"57,155 km",2nd Owner,Petrol,DL-1C,"₹5,11,000",10 November 2020
2016 Maruti Celerio,ZXI AMT,Automatic,"45,936 km",1st Owner,Petrol,DL-14,"₹4,29,000",14 March 2020
2021 TATA TIGOR,XMA PETROL,Automatic,"9,759 km",1st Owner,Petrol,DL-11,"₹7,09,000",08 March 2023
2018 Maruti Vitara Brezza,ZDI + AMT,Automatic,"98,394 km",1st Owner,Diesel,HR-26,"₹8,16,000",09 November 2019
2019 Maruti VITARA BREZZA,VDI,Manual,"68,282 km",2nd Owner,Diesel,HR-26,"₹6,79,000",24 March 2019
2021 HYUNDAI AURA,S 1.2 CNG,Manual,"38,891 km",1st Owner,CNG,DL-9C,"₹7,77,000",09 February 2018
2021 RENAULT KWID,RXT 1.0 AMT (O),Automatic,"28,118 km",1st Owner,Petrol,UP-14,"₹4,93,000",10 February 2024
2019 Maruti Vitara Brezza,VDI,Manual,"71,386 km",1st Owner,Diesel,HR-26,"₹7,58,000",30 August 2020
2020 Maruti S PRESSO,VXI,Manual,"7,570 km",2nd Owner,Petrol,DL-8C,"₹4,10,000",03 October 2020
2016 HYUNDAI ELITE I20,ASTA 1.2,Manual,"47,284 km",1st Owner,Petrol,UP-14,"₹5,85,000",09 February 2022
2017 Maruti IGNIS,ZETA 1.2 AMT DUAL TONE,Automatic,"29,406 km",2nd Owner,Petrol,HR-10,"₹5,37,000",28 December 2022
2013 Honda Brio,1.2 S MT I VTEC,Manual,"97,470 km",1st Owner,Petrol,DL-3C,"₹2,98,000",18 November 2019
2015 Hyundai Creta,1.6 S,Manual,"62,690 km",2nd Owner,Petrol,DL-1C,"₹7,78,000",03 August 2020
2021 Tata Harrier,XZ PLUS 2.0L DARK EDITION,Manual,"45,425 km",1st Owner,Diesel,DL-11,"₹18,16,000",17 April 2023
2015 Hyundai Grand i10,ASTA AT 1.2 KAPPA VTVT,Automatic,"69,180 km",1st Owner,Petrol,DL-3C,"₹4,76,000",02 April 2025
2018 Maruti Vitara Brezza,ZDI,Manual,"40,605 km",1st Owner,Diesel,DL-3C,"₹7,79,000",28 May 2021
2022 Renault Kwid,CLIMBER 1.0 AT,Automatic,"15,801 km",1st Owner,Petrol,DL-12,"₹6,17,000",15 June 2021
2021 Maruti SWIFT,LXI,Manual,"14,803 km",1st Owner,Petrol,DL-8C,"₹5,89,000",14 December 2022
2020 Maruti BALENO,ZETA CVT PETROL 1.2,Automatic,"39,076 km",1st Owner,Petrol,HR-26,"₹7,86,000",06 November 2021
2019 Renault Kwid,RXT 1.0 EASY-R AT OPTION,Automatic,"18,781 km",2nd Owner,Petrol,DL-3C,"₹4,18,000",24 April 2023
2020 KIA SELTOS,GTX+ 1.4 MT,Manual,"6,003 km",1st Owner,Petrol,HR-26,"₹16,20,000",18 March 2021
2017 HONDA WR-V,1.2L I-VTEC S MT,Manual,"64,889 km",1st Owner,Petrol,UP-32,"₹6,42,000",05 May 2025
2016 HYUNDAI I20 ACTIVE,1.2 S,Manual,"72,488 km",1st Owner,Petrol,UP-80,"₹5,63,000",11 March 2019
2019 Maruti Baleno,DELTA PETROL 1.2,Manual,"29,414 km",2nd Owner,Petrol,HR-87,"₹5,84,000",13 January 2023
2019 Maruti SWIFT,VXI AMT,Automatic,"36,682 km",1st Owner,CNG,UP-32,"₹7,21,000",12 July 2019
2018 Maruti Vitara Brezza,ZDI PLUS AMT,Automatic,"50,481 km",1st Owner,Diesel,HR-26,"₹8,61,000",03 February 2019
2018 Maruti Vitara Brezza,VDI OPT,Manual,"43,109 km",1st Owner,Diesel,DL-3C,"₹7,49,000",16 March 2020
2019 Maruti DZIRE,VXI,Manual,"26,925 km",1st Owner,Petrol,DL-3C,"₹6,54,000",29 August 2021
2018 Maruti ALTO 800,LXI,Manual,"20,754 km",1st Owner,Petrol,DL-1C,"₹3,09,000",23 October 2023
2020 Maruti New Wagon-R,LXI CNG 1.0 L,Manual,"63,997 km",1st Owner,CNG,DL-2C,"₹5,58,000",01 April 2021
2018 Maruti Vitara Brezza,ZDI + AMT,Automatic,"34,843 km",1st Owner,Diesel,DL-2C,"₹9,49,000",12 January 2024
2022 TOYOTA URBAN CRUISER,HIGH GRADE MT,Manual,"8,216 km",1st Owner,Petrol,HR-98,"₹10,19,000",12 March 2022
2022 Tata TIAGO NRG,XZ MT,Manual,"18,867 km",1st Owner,Petrol,DL-9C,"₹6,94,000",03 December 2018
2018 Honda Amaze,1.2 V MT I-VTEC,Manual,"43,985 km",1st Owner,Petrol,DL-1C,"₹6,16,000",12 November 2023
2018 Maruti Wagon R 1.0,VXI AMT,Automatic,"28,076 km",2nd Owner,Petrol,HR-51,"₹4,63,000",01 December 2022
2018 Maruti ALTO 800,LXI,Manual,"25,872 km",1st Owner,Petrol,UP-16,"₹3,30,000",11 March 2022
2017 Honda City,1.5L I-VTEC V MT,Manual,"83,926 km",1st Owner,Petrol,UP-14,"₹7,16,700",27 December 2018
2012 Maruti SWIFT DZIRE,VXI,Manual,"83,261 km",1st Owner,Petrol,DL-12,"₹3,37,000",01 March 2018
2020 HYUNDAI AURA,SX PLUS 1.2 AMT,Automatic,"41,027 km",1st Owner,Petrol,HR-36,"₹8,16,000",11 August 2019
2019 Maruti Vitara Brezza,ZDI AMT,Automatic,"31,785 km",1st Owner,Diesel,DL-8C,"₹8,86,000",04 May 2018
2021 Renault Kiger,RXZ 1.0 TURBO MT,Manual,"17,632 km",1st Owner,Petrol,UP-62,"₹9,06,000",02 May 2020
2019 Maruti Baleno,ZETA PETROL 1.2,Manual,"19,124 km",1st Owner,Petrol,HR-26,"₹7,21,000",24 January 2023
2016 Maruti Baleno,DELTA PETROL 1.2,Manual,"67,985 km",1st Owner,Petrol,HR-29,"₹5,20,000",19 December 2022
2021 Hyundai NEW I20,ASTA (O) 1.2 MT,Manual,"13,811 km",1st Owner,Petrol,HR-26,"₹9,18,000",28 August 2024
2017 Hyundai Grand i10,MAGNA AT 1.2 KAPPA VTVT,Automatic,"40,993 km",1st Owner,Petrol,DL-8C,"₹5,22,000",09 January 2022
2016 Maruti Alto 800,LXI,Manual,"31,810 km",1st Owner,Petrol,UP-14,"₹2,69,000",28 December 2022
2018 Datsun Redi Go,T (O),Manual,"33,936 km",1st Owner,Petrol,HR-30,"₹2,93,000",06 March 2021
2018 Hyundai NEW SANTRO,MAGNA AMT,Automatic,"7,595 km",1st Owner,Petrol,DL-12,"₹5,41,000",11 December 2021
2018 Maruti Wagon R 1.0,VXI AMT,Automatic,"32,330 km",1st Owner,Petrol,HR-52,"₹4,88,000",09 April 2022
2019 HONDA AMAZE,1.2L I-VTEC V CVT,Automatic,"17,143 km",1st Owner,Petrol,DL-1C,"₹8,32,000",10 February 2022
2020 Maruti New Wagon-R,LXI CNG 1.0 L,Manual,"34,090 km",1st Owner,CNG,HR-76,"₹5,52,000",15 March 2025
2019 Datsun Redi Go,A,Manual,"37,928 km",2nd Owner,Petrol,UP-14,"₹2,98,000",11 February 2024
2017 Hyundai Grand i10,SPORTZ AT 1.2 KAPPA VTVT,Manual,"35,366 km",1st Owner,Petrol,UP-16,"₹5,77,000",26 February 2021
2019 Maruti SWIFT,LXI,Manual,"12,582 km",1st Owner,Petrol,DL-4C,"₹5,66,000",20 June 2019
2017 Maruti ALTO K10,VXI,Manual,"28,254 km",1st Owner,Petrol,DL-9C,"₹3,34,000",09 February 2022
2019 Hyundai ELITE I20,1.2 SPORTS PLUS VTVT,Manual,"78,183 km",1st Owner,Petrol,DL-1C,"₹7,19,000",30 June 2022
2020 Maruti Baleno,ZETA PETROL 1.2,Manual,"23,849 km",1st Owner,Petrol,HR-26,"₹7,77,000",15 April 2025
2020 Honda WR-V,1.5 i-DTEC VX MT,Manual,"59,946 km",1st Owner,Diesel,HR-10,"₹9,28,000",24 January 2020
2016 Honda Jazz,1.2 SV MT,Manual,"71,967 km",1st Owner,Petrol,DL-3C,"₹4,61,000",02 May 2025
2021 Renault Kiger,RXZ CVT 1.0 TURBO DUAL TONE,Automatic,"9,980 km",1st Owner,Petrol,HR-51,"₹9,86,000",21 March 2021
2020 Maruti New Wagon-R,LXI CNG 1.0,Manual,"75,415 km",1st Owner,CNG,DL-8C,"₹5,22,000",06 March 2022
2018 Maruti Baleno,DELTA PETROL 1.2,Manual,"94,624 km",1st Owner,Petrol,HR-26,"₹5,50,000",20 December 2019
2020 Maruti BALENO,DELTA 1.2 K12,Manual,"12,662 km",1st Owner,Petrol,HR-36,"₹6,83,000",12 December 2018
2021 Maruti New Wagon-R,1.0 Lxi (o) cng,Manual,"33,883 km",1st Owner,CNG,DL-11,"₹5,94,000",01 March 2020
2018 Maruti ALTO 800,LXI,Manual,"53,804 km",1st Owner,Petrol,DL-2C,"₹3,16,000",30 April 2023
2020 Tata ALTROZ,XZ 1.2,Manual,"15,122 km",1st Owner,Petrol,DL-11,"₹7,76,000",12 March 2021
2021 Mahindra XUV 3OO,1.2 W6 AT,Automatic,"25,852 km",1st Owner,Petrol,DL-3C,"₹10,88,000",24 June 2024
2019 Maruti Dzire,VXI,Manual,"20,981 km",1st Owner,Petrol,DL-3C,"₹7,12,000",06 January 2022
2019 Maruti Baleno,ZETA PETROL 1.2,Manual,"56,679 km",2nd Owner,Petrol,HR-19,"₹5,97,000",31 December 2020
2019 TATA NEXON,XMA PETROL,Automatic,"38,643 km",1st Owner,Petrol,DL-12,"₹7,97,000",25 June 2019
2018 Maruti Vitara Brezza,ZDI + AMT,Automatic,"16,508 km",2nd Owner,Diesel,HR-51,"₹8,54,000",22 December 2023
2019 Maruti Dzire,VXI,Manual,"31,812 km",1st Owner,Petrol,DL-1C,"₹6,96,000",23 March 2025
2021 Renault Kiger,RXZ CVT 1.0 TURBO,Automatic,"12,944 km",1st Owner,Petrol,DL-3C,"₹11,16,000",11 February 2019
2021 MAHINDRA XUV 3OO,W6 1.2 PETROL,Manual,"5,488 km",1st Owner,Petrol,DL-12,"₹10,78,000",18 November 2022
2019 Maruti New Wagon-R,LXI CNG 1.0 L,Manual,"39,788 km",1st Owner,CNG,DL-1C,"₹5,42,000",08 June 2019
2021 Renault TRIBER,1.0 RXZ,Manual,"10,510 km",1st Owner,Petrol,UP-16,"₹7,39,000",16 February 2020
2022 Renault TRIBER,1.0 RXZ,Manual,"3,133 km",1st Owner,Petrol,DL-12,"₹8,26,000",21 July 2022
2019 Maruti Baleno,DELTA PETROL 1.2,Manual,"19,859 km",1st Owner,Petrol,UP-16,"₹6,51,000",25 October 2023
2018 Maruti VITARA BREZZA,ZDI,Manual,"38,748 km",1st Owner,Diesel,DL-1C,"₹8,00,000",11 February 2018
2018 Honda WR-V,1.2L I-VTEC VX MT,Manual,"36,793 km",1st Owner,Petrol,HR-51,"₹8,17,000",27 October 2019
2020 Mahindra XUV 3OO,W8 1.2 PETROL,Manual,"16,166 km",1st Owner,Petrol,HR-26,"₹9,80,000",16 January 2021
2012 Maruti Alto K10,LXI,Manual,"30,029 km",1st Owner,Petrol,HR-23,"₹2,21,000",12 March 2022
2019 HONDA CITY,1.5L I-VTEC ZX CVT,Automatic,"85,889 km",1st Owner,Petrol,UP-14,"₹11,35,000",07 July 2022
2018 Ford Ecosport,TITANIUM 1.5L PETROL,Manual,"69,170 km",1st Owner,Petrol,HR-26,"₹7,52,000",26 February 2025
2020 Tata ALTROZ,XZ 1.2,Manual,"17,185 km",1st Owner,Petrol,DL-9C,"₹7,44,000",20 September 2024
2018 Maruti ALTO 800,LXI,Manual,"41,768 km",1st Owner,Petrol,UP-14,"₹3,37,000",22 May 2020
2021 Maruti Alto,LXI OPT,Manual,"29,147 km",1st Owner,Petrol,DL-3C,"₹3,94,250",16 June 2024
2011 Toyota Etios,VX,Manual,"57,187 km",1st Owner,Petrol,DL-4C,"₹3,10,000",28 August 2019
2021 Hyundai NEW SANTRO,SPORTZ EXECUTIVE CNG,Manual,"32,139 km",1st Owner,CNG,DL-7C,"₹5,86,000",26 August 2023
2015 HONDA JAZZ,1.2 V MT,Manual,"29,074 km",2nd Owner,Petrol,DL-4C,"₹5,12,000",10 December 2019
2013 Maruti Swift,VXI,Manual,"56,705 km",1st Owner,Petrol,HR-26,"₹3,34,000",25 May 2024
2017 Honda City,V MT PETROL,Manual,"93,095 km",1st Owner,Petrol,HR-26,"₹7,43,000",05 July 2024
2018 Maruti CIAZ,ALPHA 1.5 SHVS PETROL,Manual,"53,019 km",1st Owner,Petrol,HR-26,"₹8,84,000",30 August 2019
2019 Maruti Swift,LXI,Manual,"28,543 km",1st Owner,Petrol,HR-26,"₹5,61,000",15 July 2024
2019 Renault Kwid,1.0 RXT Opt,Manual,"11,264 km",1st Owner,Petrol,UP-78,"₹4,61,000",25 June 2020
2017 Honda City,V MT PETROL,Manual,"59,084 km",1st Owner,Petrol,HR-10,"₹7,47,000",14 July 2019
2020 Maruti New Wagon-R,LXI CNG 1.0 L,Manual,"73,939 km",1st Owner,CNG,DL-14,"₹5,26,000",30 July 2024
2015 Honda Amaze,1.2 VX CVT I VTEC,Automatic,"78,148 km",1st Owner,Petrol,DL-9C,"₹5,01,000",07 January 2020
2019 Renault Duster,RXS 106 PS MT,Manual,"43,395 km",1st Owner,Petrol,DL-3C,"₹8,70,000",06 February 2019
2020 Hyundai NEW SANTRO,MAGNA EXECUTIVE CNG,Manual,"32,179 km",1st Owner,CNG,DL-8C,"₹6,32,000",23 March 2023
2020 Maruti Baleno,ZETA PETROL 1.2,Manual,"14,233 km",1st Owner,Petrol,HR-51,"₹7,40,000",27 January 2019
2021 MAHINDRA THAR,LX HT PETROL 4WD MT,Manual,"27,763 km",1st Owner,Petrol,HR-42,"₹15,05,000",21 August 2022
2022 HYUNDAI GRAND I10 NIOS,SPORTZ 1.2 KAPPA VTVT CNG,Manual,"17,428 km",1st Owner,CNG,DL-7C,"₹8,04,000",06 November 2018
2019 Hyundai VENUE,SX PLUS 1.0 TURBO DCT,Automatic,"67,033 km",1st Owner,Petrol,HR-26,"₹10,11,000",24 October 2022
2019 Hyundai NEW SANTRO,1.1 SPORTZ MT CNG,Manual,"36,627 km",1st Owner,CNG,DL-7C,"₹5,55,000",13 January 2018
2020 Maruti New Wagon-R,LXI CNG 1.0 L,Manual,"40,242 km",1st Owner,CNG,DL-12,"₹5,49,000",05 April 2023
2011 Hyundai i10,SPORTZ 1.2 AT KAPPA2,Automatic,"70,958 km",1st Owner,Petrol,DL-3C,"₹2,70,000",29 July 2021
2015 Hyundai GRAND I10,ASTA 1.2 KAPPA VTVT,Manual,"53,734 km",1st Owner,Petrol,UP-14,"₹4,33,000",18 February 2023
2019 Maruti New Wagon-R,LXI CNG 1.0 L,Manual,"48,251 km",1st Owner,CNG,DL-8C,"₹5,71,250",24 June 2020
2021 Mahindra Thar,LX D 4*4 MT HT,Manual,"8,222 km",1st Owner,Diesel,DL-8C,"₹16,09,000",27 October 2020
2018 Hyundai Grand i10,MAGNA 1.2 VTVT,Manual,"20,971 km",1st Owner,Petrol,DL-9C,"₹5,19,000",11 November 2021
2021 Hyundai NEW SANTRO,SPORTZ EXECUTIVE MT CNG,Manual,"54,826 km",1st Owner,CNG,DL-9C,"₹5,79,000",29 October 2020
2020 Mahindra KUV 100 NXT,K8 6 STR,Manual,"26,967 km",1st Owner,Petrol,DL-8C,"₹6,53,000",09 September 2023
2021 MAHINDRA THAR,LX D 4*4 MT HT,Manual,"7,723 km",1st Owner,Diesel,HR-26,"₹16,04,000",11 April 2019
2018 Maruti Vitara Brezza,ZDI PLUS AMT,Automatic,"36,296 km",1st Owner,Diesel,HR-10,"₹8,68,000",25 July 2024
2021 Honda WR-V,1.5 i-DTEC VX MT,Manual,"33,770 km",1st Owner,Diesel,HR-26,"₹12,11,000",16 December 2024
2018 Maruti CIAZ,DELTA 1.4 VVT AMT,Automatic,"27,530 km",1st Owner,Petrol,DL-1C,"₹9,15,000",22 April 2020
2017 Maruti Dzire,VXI,Manual,"22,766 km",1st Owner,Petrol,DL-12,"₹6,33,000",20 December 2018
2012 Maruti SWIFT,LXI,Manual,"85,032 km",1st Owner,Petrol,DL-2C,"₹3,01,000",20 June 2023
2021 Maruti New Wagon-R,LXI CNG (O) 1.0,Manual,"63,818 km",1st Owner,CNG,HR-26,"₹5,58,000",02 February 2018
2018 Maruti Ciaz,ALPHA 1.4 VVT AMT,Automatic,"26,218 km",1st Owner,Petrol,HR-26,"₹8,90,000",09 August 2022
2021 Mahindra Thar,LX PETROL HT 4WD AT,Automatic,"5,145 km",1st Owner,Petrol,DL-12,"₹16,54,000",11 September 2018
2016 Hyundai Grand i10,MAGNA AT 1.2 KAPPA VTVT,Automatic,"63,382 km",1st Owner,Petrol,DL-8C,"₹4,65,000",25 June 2024
2021 Maruti Baleno,DELTA PETROL 1.2,Manual,"33,839 km",1st Owner,Petrol,UP-16,"₹6,96,000",08 June 2020
2015 HYUNDAI GRAND I10,ASTA 1.2 AT VTVT,Automatic,"34,900 km",2nd Owner,Petrol,DL-4C,"₹4,81,000",09 October 2018
2021 Renault Kiger,RXZ 1.0 MT,Manual,"15,991 km",1st Owner,Petrol,DL-3C,"₹8,76,000",30 January 2024
2018 HYUNDAI NEW SANTRO,SPORTZ MT,Manual,"26,239 km",1st Owner,Petrol,UP-32,"₹4,85,000",23 May 2025
2018 Hyundai Grand i10,MAGNA 1.2 VTVT,Manual,"65,155 km",1st Owner,CNG,HR-26,"₹4,84,000",30 April 2023
2018 Hyundai Grand i10,MAGNA 1.2 KAPPA VTVT,Manual,"43,762 km",1st Owner,CNG,HR-83,"₹5,13,000",31 May 2025
2018 Ford Ecosport,1.5 TITANIUM SIGNATURE TI VCT (SUNROOF),Manual,"34,393 km",2nd Owner,CNG,HR-26,"₹9,35,000",09 November 2020
2019 Renault Kwid,1.0 RXT Opt,Manual,,1st Owner,Petrol,DL-9C,"₹4,50,000",23 February 2019
2021 Maruti New Wagon-R,LXI CNG 1.0 L,Manual,"56,074 km",1st Owner,CNG,HR-30,"₹5,46,000",17 November 2023
2021 RENAULT Kiger,RXZ CVT 1.0 TURBO,Automatic,"17,191 km",1st Owner,Petrol,DL-3C,"₹9,99,000",31 May 2021
2021 Renault Duster,RXZ CVT 1.3 TURBO,,"10,333 km",1st Owner,Petrol,HR-36,"₹13,65,000",06 March 2018
2016 Maruti Swift,LXI OPT,Manual,"47,934 km",1st Owner,Petrol,DL-2C,"₹4,40,000",03 January 2024
2017 Maruti IGNIS,ZETA 1.2 AMT,Automatic,"39,181 km",2nd Owner,Petrol,HR-29,"₹5,46,000",18 March 2018
2021 Maruti Ciaz,ZETA 1.5 SHVS MT PETROL,Manual,"17,178 km",1st Owner,Petrol,DL-8C,"₹9,62,000",04 January 2022
2018 Datsun Redi Go,T (O),Manual,"30,224 km",1st Owner,Petrol,DL-8C,"₹3,04,000",02 November 2021
2018 Maruti Swift,VXI AMT,Automatic,"16,554 km",1st Owner,Petrol,DL-1C,"₹6,57,000",20 June 2024
2020 Tata TIGOR,XZ PLUS 1.2 REVOTRON,Manual,"18,102 km",1st Owner,Petrol,HR-51,"₹6,85,000",13 June 2023
2020 Tata ALTROZ,XZ 1.2,Manual,"23,776 km",1st Owner,Petrol,DL-9C,"₹7,49,000",21 November 2021
2021 Renault Kiger,RXZ 1.0 TURBO MT DUAL TONE,Manual,"6,835 km",1st Owner,Petrol,UP-14,"₹9,48,000",07 April 2021
2014 Honda City,1.5L I-VTEC SV,Manual,"26,285 km",1st Owner,Petrol,DL-3C,"₹6,07,000",29 December 2021
2018 Maruti Alto 800,LXI,Manual,"25,026 km",1st Owner,Petrol,DL-5C,"₹3,15,000",23 July 2018
2021 Maruti ALTO,LXI CNG,Manual,"28,914 km",1st Owner,CNG,UP-14,"₹4,93,000",07 June 2021
2021 Tata Safari,XZA+  KRYOTEC,Automatic,"16,533 km",1st Owner,Diesel,HR-10,"₹20,80,000",15 January 2018
2019 Maruti New Wagon-R,1.0 Lxi (o) cng,Manual,"53,118 km",1st Owner,CNG,HR-26,"₹5,45,000",20 February 2025
2021 Mahindra Thar,LX PETROL HT 4WD AT,Automatic,"8,373 km",1st Owner,Petrol,DL-2C,"₹16,38,000",02 November 2022
2021 Maruti Baleno,SIGMA PETROL 1.2,Manual,"13,066 km",1st Owner,Petrol,HR-29,"₹6,32,000",27 November 2018
2021 Maruti New Wagon-R,1.0 Lxi (o) cng,Manual,"20,677 km",1st Owner,CNG,DL-6C,"₹6,08,000",06 November 2021
2019 Maruti New Wagon-R,1.0 Lxi (o) cng,Manual,"92,418 km",1st Owner,CNG,DL-12,"₹5,37,000",14 August 2021
2019 Maruti Vitara Brezza,ZDI AMT,Automatic,"87,576 km",1st Owner,Diesel,HR-87,"₹8,54,000",29 August 2020
2021 Renault TRIBER,1.0 RXZ,Manual,"18,132 km",1st Owner,Petrol,DL-3C,"₹7,66,000",05 December 2019
2021 Hyundai GRAND I10 NIOS,SPORTZ 1.2 KAPPA VTVT CNG,Manual,"26,081 km",1st Owner,CNG,HR-26,"₹7,19,000",24 November 2023
2019 Tata NEXON,XZA PLUS PETROL,Automatic,"7,074 km",1st Owner,Petrol,DL-3C,"₹10,54,000",17 May 2024
2019 Hyundai NEW SANTRO,SPORTZ CNG,Manual,"63,793 km",1st Owner,CNG,HR-26,"₹5,52,000",12 February 2021
2014 Maruti Swift,VXI,Manual,"69,859 km",1st Owner,Petrol,DL-1C,"₹4,06,000",21 October 2019
2019 Renault Kwid,RXT Opt,Manual,"26,678 km",1st Owner,Petrol,HR-26,"₹3,84,000",29 May 2018
2022 HONDA CITY,1.5L I-VTEC V MT 4TH GEN,Manual,"14,215 km",1st Owner,Petrol,UP-14,"₹11,32,000",20 June 2021
2021 Maruti Alto,VXI,Manual,"8,664 km",1st Owner,Petrol,DL-3C,"₹3,61,000",06 August 2018
2020 Maruti New Wagon-R,LXI CNG 1.0 L,Manual,"62,629 km",1st Owner,CNG,DL-8C,"₹5,72,000",26 April 2021
2019 Renault Kwid,RXT,Manual,"16,602 km",1st Owner,Petrol,UP-15,"₹4,00,000",23 April 2018
2021 Maruti New Wagon-R,LXI CNG 1.0 L,Manual,"22,185 km",1st Owner,CNG,DL-8C,"₹5,98,000",21 April 2022
2015 HYUNDAI GRAND I10,ASTA AT 1.2 KAPPA VTVT,Automatic,"60,308 km",2nd Owner,Petrol,HR-51,"₹4,87,000",12 August 2018
2020 Tata ALTROZ,XZ (O) 1.2 RTN,,"54,207 km",1st Owner,Petrol,DL-11,"₹7,31,000",03 January 2025
2021 Maruti Baleno,DELTA PETROL 1.2,Manual,"10,915 km",1st Owner,Petrol,HR-26,"₹7,24,000",01 January 2025
2020 Maruti S Cross,ALPHA AT SMART HYBRID,Automatic,"23,160 km",1st Owner,Petrol,HR-51,"₹11,21,000",27 March 2023
2022 Renault TRIBER,RXZ AMT,Automatic,"4,196 km",1st Owner,Petrol,DL-12,"₹9,18,000",15 December 2023
2020 Maruti Swift,LXI,Manual,"20,810 km",2nd Owner,Petrol,DL-1C,"₹5,82,000",25 January 2021
2015 HYUNDAI ELITE I20,ASTA 1.2,Manual,"33,624 km",1st Owner,Petrol,UP-80,"₹5,89,000",20 November 2020
2020 Maruti New Wagon-R,LXI CNG 1.0 L,Manual,"57,715 km",1st Owner,CNG,HR-13,"₹5,46,000",02 December 2018
2019 Maruti Baleno,ZETA PETROL 1.2,Manual,"34,496 km",1st Owner,Petrol,HR-29,"₹6,50,000",30 November 2022
2019 Maruti SWIFT,LXI,Manual,"10,616 km",1st Owner,Petrol,DL-1C,"₹5,51,000",29 April 2024
2018 Hyundai TUCSON NEW,2WD MT PETROL,Manual,"42,864 km",1st Owner,Petrol,HR-26,"₹16,87,000",24 May 2019
2020 Hyundai GRAND I10 NIOS,SPORTZ PETROL,Manual,"21,706 km",1st Owner,Petrol,HR-36,"₹6,28,000",22 March 2024
2020 Maruti S Cross,ALPHA 1.5,Manual,"5,574 km",1st Owner,Petrol,UP-14,"₹11,65,000",11 November 2021
2017 Maruti Baleno,DELTA CVT PETROL 1.2,Automatic,"20,889 km",1st Owner,Petrol,HR-26,"₹6,17,000",20 July 2024
2021 Renault Kiger,RXZ 1.0 MT,Manual,"14,272 km",1st Owner,Petrol,HR-51,"₹8,22,000",08 July 2021
2021 Hyundai NEW SANTRO,SPORTZ EXECUTIVE CNG,Manual,"53,039 km",1st Owner,CNG,DL-7C,"₹5,81,000",24 March 2023
2021 HYUNDAI VENUE,SX 1.0 (O) TURBO,Manual,"11,936 km",1st Owner,Petrol,UP-32,"₹11,70,000",12 September 2022
2019 Maruti New Wagon-R,LXI CNG 1.0 L,Manual,"72,103 km",1st Owner,CNG,HR-26,"₹5,47,000",14 May 2022
2016 Maruti Alto 800,LXI,Manual,"61,606 km",1st Owner,Petrol,DL-2C,"₹2,80,000",21 March 2025
2021 Maruti Celerio,ZXI PLUS,Manual,"10,723 km",1st Owner,Petrol,UP-63,"₹6,67,000",28 October 2023
2013 HONDA CITY,S MT PETROL,Manual,"38,002 km",1st Owner,Petrol,UP-14,"₹5,36,000",06 May 2025
2021 Maruti Baleno,DELTA PETROL 1.2,Manual,"10,440 km",1st Owner,Petrol,HR-87,"₹7,13,000",21 August 2022
2021 HYUNDAI GRAND I10 NIOS,SPORTZ 1.2 KAPPA VTVT CNG,Manual,"34,714 km",1st Owner,CNG,HR-98,"₹7,49,000",01 May 2020
2014 Maruti Swift,VXI,Manual,"46,247 km",2nd Owner,Petrol,HR-26,"₹3,76,000",16 May 2022
2020 Maruti Alto,VXI PLUS,Manual,"12,642 km",1st Owner,Petrol,UP-14,"₹4,05,000",14 December 2019
2019 Renault Kwid,RXL,Manual,"20,053 km",1st Owner,Petrol,HR-30,"₹3,60,000",23 April 2024
2020 Maruti S PRESSO,VXI,Manual,"5,239 km",1st Owner,Petrol,DL-2C,"₹4,41,000",15 June 2019
2019 HYUNDAI NEW SANTRO,SPORTZ CNG,Manual,"68,865 km",1st Owner,CNG,DL-3C,"₹5,40,000",06 April 2024
2019 HYUNDAI GRAND I10,MAGNA AT 1.2 KAPPA VTVT,Automatic,"32,033 km",1st Owner,Petrol,DL-9C,"₹6,68,000",23 March 2020
2019 Honda Amaze,1.2 V CVT I VTEC,Automatic,"45,245 km",1st Owner,Petrol,HR-51,"₹7,71,000",31 July 2024
2018 Maruti BALENO,DELTA PETROL 1.2,Manual,"29,984 km",1st Owner,Petrol,HR-51,"₹6,10,000",25 August 2018
2012 Maruti Swift,ZXI,Manual,"47,073 km",1st Owner,Petrol,DL-8C,"₹3,61,000",06 June 2021
2020 Honda Amaze,1.2 S CVT I VTEC SPECIAL EDITION,Automatic,"37,158 km",1st Owner,Petrol,UP-16,"₹7,89,000",11 June 2020
2020 TATA ALTROZ,XZ 1.2,Manual,"24,268 km",1st Owner,Petrol,HR-26,"₹7,58,000",13 November 2019
2021 Hyundai GRAND I10 NIOS,SPORTZ CNG MT,Manual,"28,955 km",1st Owner,CNG,UP-16,"₹6,97,000",16 April 2020
2012 Maruti SWIFT,ZXI,Manual,"22,536 km",1st Owner,Petrol,DL-2C,"₹3,76,000",28 February 2021
2021 Maruti SWIFT,LXI,Manual,"51,460 km",1st Owner,Petrol,HR-76,"₹5,89,000",27 January 2025
2016 Maruti CELERIO,ZXI OPT AMT,Automatic,"29,095 km",2nd Owner,Petrol,DL-8C,"₹4,28,000",23 November 2022
2018 Hyundai Grand i10,MAGNA 1.2 KAPPA VTVT,Manual,"40,850 km",1st Owner,Petrol,HR-29,"₹5,14,000",11 August 2021
2016 Maruti Baleno,DELTA PETROL 1.2,Manual,"86,292 km",1st Owner,Petrol,HR-51,"₹5,36,000",13 January 2025
2013 Maruti SWIFT,VXI,Manual,"36,358 km",1st Owner,Petrol,DL-2C,"₹3,47,000",31 March 2025
2021 Tata ALTROZ,XT 1.5 RTQ,Manual,"16,973 km",1st Owner,Diesel,DL-10,"₹8,11,000",24 April 2024
2019 Renault Kwid,RXL,Manual,"25,519 km",2nd Owner,Petrol,HR-07,"₹3,50,000",24 October 2021
2020 Renault Kwid,RXL,Manual,"26,260 km",1st Owner,Petrol,DL-3C,"₹4,07,000",19 August 2022
2017 Honda Jazz,1.2 S MT,Manual,"32,287 km",1st Owner,Petrol,HR-51,"₹4,88,000",24 July 2022
2019 Maruti Dzire,VXI,Manual,"30,444 km",1st Owner,Petrol,HR-76,"₹6,98,000",17 August 2022
2018 Maruti Alto 800,LXI,Manual,"8,736 km",1st Owner,Petrol,DL-8C,"₹3,40,000",13 December 2022
2019 Maruti SWIFT,LXI,Manual,"63,772 km",1st Owner,Petrol,UP-37,"₹5,67,000",15 October 2022
2017 Maruti Ciaz,DELTA 1.4 MT PETROL,Manual,"63,864 km",2nd Owner,Petrol,HR-05,"₹6,51,000",13 March 2019
2020 Maruti IGNIS,ZETA 1.2,Manual,"46,300 km",1st Owner,Petrol,HR-51,"₹6,41,000",07 January 2021
2021 Renault Kwid,1.0 RXT Opt,Manual,"17,931 km",1st Owner,Petrol,UP-16,"₹4,68,000",25 February 2020
2021 Hyundai GRAND I10 NIOS,SPORTZ 1.2 KAPPA VTVT CNG,Manual,"96,192 km",1st Owner,CNG,HR-12,"₹6,68,000",03 February 2024
2019 TATA HEXA,Varicor 400 XM,Manual,"43,895 km",1st Owner,Diesel,HR-26,"₹13,34,000",21 May 2022
2021 Renault Kiger,RXZ CVT 1.0 TURBO,Automatic,"9,698 km",1st Owner,Petrol,DL-3C,"₹11,28,000",14 July 2020
2019 Maruti Swift,LXI,Manual,"13,121 km",1st Owner,Petrol,DL-2C,"₹5,72,000",09 March 2025
2018 Maruti CIAZ,ZETA AT 1.5  SHVS PETROL,Automatic,"31,350 km",2nd Owner,Petrol,DL-12,"₹8,69,000",18 February 2022
2021 HYUNDAI NEW SANTRO,SPORTZ EXECUTIVE MT CNG,Manual,"39,295 km",1st Owner,CNG,DL-9C,"₹6,37,000",01 January 2022
2021 MAHINDRA THAR,LX HT PETROL 4WD MT,,"4,870 km",1st Owner,Petrol,HR-26,"₹14,75,000",25 January 2022
2017 FORD ECOSPORT,1.5 TITANIUM TI VCT,Manual,"21,803 km",1st Owner,Petrol,UP-16,"₹7,03,000",07 November 2020
2014 Maruti Swift,VXI,Manual,"22,705 km",1st Owner,Petrol,DL-3C,"₹4,17,000",24 May 2019
2018 Maruti IGNIS,DELTA 1.2 AMT,Automatic,"24,588 km",2nd Owner,Petrol,HR-26,"₹5,80,000",16 June 2018
2019 Maruti Baleno,DELTA PETROL 1.2,Manual,"47,728 km",1st Owner,Petrol,HR-26,"₹6,17,000",12 May 2023
2018 Honda Amaze,1.2L I-VTEC S,Manual,"52,212 km",1st Owner,Petrol,DL-1C,"₹6,23,000",22 November 2018
2020 HONDA CITY,VX CVT PETROL,Automatic,"29,589 km",2nd Owner,Petrol,DL-4C,"₹12,26,000",21 May 2020
2021 Maruti New Wagon-R,1.0 Lxi (o) cng,Manual,"31,413 km",1st Owner,CNG,DL-5C,"₹6,05,000",16 February 2021
2019 Maruti New Wagon-R,LXI CNG 1.0 L,Manual,"58,736 km",1st Owner,CNG,DL-2C,"₹5,26,000",07 March 2024
2014 Maruti Swift Dzire,ZXI 1.2 BS IV,Manual,"46,500 km",2nd Owner,Petrol,HR-26,"₹4,31,000",22 September 2020
2020 Maruti New Wagon-R,LXI CNG 1.0 L,Manual,"45,156 km",1st Owner,CNG,DL-9C,"₹5,65,000",15 December 2019
2019 Maruti New Wagon-R,LXI CNG 1.0 L,Manual,"95,737 km",1st Owner,CNG,DL-2C,"₹5,45,000",10 August 2021
2021 Renault Kiger,RXZ 1.0 TURBO MT,Manual,"9,759 km",1st Owner,Petrol,DL-3C,"₹10,41,000",21 July 2021
2019 HYUNDAI NEW SANTRO,SPORTZ CNG,Manual,"59,157 km",1st Owner,CNG,HR-26,"₹5,56,000",12 November 2023
2020 Maruti New Wagon-R,LXI CNG 1.0 L,Manual,"36,330 km",1st Owner,CNG,DL-2C,"₹5,69,000",13 July 2018
2021 TOYOTA URBAN CRUISER,MID GRADE MT,Manual,"39,032 km",1st Owner,Petrol,HR-26,"₹8,88,000",18 May 2019
2015 HYUNDAI I10,MAGNA 1.1,Manual,"71,103 km",2nd Owner,Petrol,DL-9C,"₹3,21,000",26 January 2020
2018 Hyundai Tucson New,2WD MT PETROL,Manual,"86,933 km",2nd Owner,Petrol,UP-14,"₹14,12,000",14 February 2022
2017 Honda Jazz,1.2 V AT,Automatic,"60,707 km",1st Owner,Petrol,HR-26,"₹6,31,000",25 February 2023
2016 Maruti Alto 800,LXI,Manual,"26,057 km",1st Owner,Petrol,HR-26,"₹2,99,000",18 March 2019
2021 Renault Kwid,1.0 RXT Opt AT,Automatic,"10,601 km",1st Owner,Petrol,DL-3C,"₹4,99,000",24 February 2018
2021 Hyundai GRAND I10 NIOS,SPORTZ 1.2 KAPPA VTVT CNG,Manual,"22,393 km",1st Owner,CNG,DL-12,"₹7,73,000",10 October 2019
2014 Hyundai Grand i10,MAGNA 1.2 VTVT,Manual,"46,115 km",2nd Owner,Petrol,DL-3C,"₹3,71,000",30 March 2020
2020 Maruti Alto,LXI,Manual,"16,722 km",1st Owner,Petrol,DL-8C,"₹3,70,000",06 February 2020
2021 Hyundai NEW SANTRO,SPORTZ EXECUTIVE CNG,Manual,"78,260 km",1st Owner,CNG,HR-36,"₹5,82,000",06 November 2020
2021 Maruti New Wagon-R,LXI CNG 1.0 L,Manual,"36,344 km",1st Owner,CNG,HR-29,"₹6,17,000",17 April 2025
2019 HYUNDAI NEW SANTRO,SPORTZ CNG,Manual,"39,950 km",1st Owner,CNG,DL-12,"₹5,60,000",15 August 2019
2020 Maruti New Wagon-R,1.0 Lxi (o) cng,Manual,"95,900 km",1st Owner,CNG,HR-26,"₹5,11,000",29 December 2022
2021 Mahindra Thar,LX PETROL HT 4WD AT,Automatic,"18,575 km",1st Owner,Petrol,HR-26,"₹15,24,000",13 February 2022
2020 Maruti New Wagon-R,LXI CNG 1.0 L,Manual,"45,694 km",1st Owner,CNG,HR-35,"₹5,68,000",02 October 2020
2019 Renault Kwid,1.0 RXT Opt,Manual,"49,798 km",1st Owner,Petrol,HR-26,"₹4,09,000",14 December 2020
2020 Tata ALTROZ,XZ 1.2,Manual,"18,728 km",1st Owner,Petrol,DL-2C,"₹7,58,000",15 December 2018
2021 Maruti New Wagon-R,LXI CNG 1.0 L,Manual,"31,364 km",1st Owner,CNG,HR-29,"₹5,57,000",07 June 2020
2020 MAHINDRA XUV500,W11(O),Manual,"49,280 km",1st Owner,Diesel,HR-26,"₹16,54,750",26 July 2020
2019 Maruti New Wagon-R,LXI CNG 1.0 L,Manual,"53,085 km",1st Owner,CNG,HR-29,"₹5,52,000",13 February 2021
2013 Hyundai i10,SPORTZ 1.2 KAPPA2,Manual,"61,649 km",2nd Owner,Petrol,HR-26,"₹2,96,000",10 November 2019
2014 Hyundai Grand i10,MAGNA 1.2 VTVT,Manual,"48,006 km",1st Owner,Petrol,DL-8C,"₹3,97,000",15 April 2018
2018 Honda City,1.5L I-VTE V CVT,Automatic,"31,071 km",1st Owner,Petrol,HR-51,"₹10,27,000",18 May 2023
2021 Toyota Glanza,V MT PETROL,Manual,"35,203 km",1st Owner,Petrol,HR-26,"₹8,86,000",02 January 2018
2019 Renault Kwid,RXL,Manual,"26,980 km",1st Owner,Petrol,DL-12,"₹3,68,000",10 March 2020
2020 Maruti S Cross,ALPHA 1.5,Manual,"29,648 km",2nd Owner,Petrol,UP-16,"₹10,94,000",24 October 2024
2021 Maruti Baleno,ALPHA PETROL 1.2,Manual,"19,503 km",2nd Owner,Petrol,HR-26,"₹8,50,000",28 June 2023
2020 TATA ALTROZ,XZ 1.2,Manual,"23,053 km",1st Owner,Petrol,HR-26,"₹7,24,000",05 May 2025
2018 Maruti ALTO 800,LXI,Manual,"21,304 km",2nd Owner,Petrol,UP-37,"₹3,04,000",11 July 2019
2020 TOYOTA YARIS,G MT,Manual,"37,270 km",1st Owner,Petrol,UP-32,"₹11,70,000",23 September 2018
2021 Maruti S PRESSO,VXI PLUS,Manual,119 km,1st Owner,Petrol,HR-26,"₹4,72,000",08 May 2022
2021 Maruti Alto,LXI CNG,Manual,"45,138 km",1st Owner,CNG,DL-9C,"₹4,15,000",08 September 2023
2021 Tata ALTROZ,XZ 1.5 RTQ,Manual,"33,411 km",1st Owner,Diesel,UP-14,"₹8,83,000",22 February 2020
2016 Hyundai Creta,1.6 S,Manual,"62,663 km",2nd Owner,Petrol,DL-9C,"₹8,17,000",17 January 2024
2018 Maruti Alto 800,LXI,Manual,"24,796 km",1st Owner,Petrol,HR-29,"₹3,36,000",26 January 2018
2020 Maruti New Wagon-R,LXI CNG 1.0 L,Manual,"51,129 km",1st Owner,CNG,HR-51,"₹5,33,000",28 October 2018
2020 Honda City,V MT PETROL,Manual,"25,148 km",1st Owner,Petrol,HR-12,"₹9,87,000",30 June 2023
2020 Maruti Celerio,VXI CNG OPT,Manual,"50,029 km",2nd Owner,CNG,HR-26,"₹5,25,000",07 February 2025
2022 Maruti ALTO,VXI,Manual,"13,180 km",1st Owner,Petrol,HR-29,"₹4,10,000",24 March 2022
2019 Hyundai NEW SANTRO,SPORTZ CNG,Manual,"38,298 km",1st Owner,CNG,DL-5C,"₹5,58,000",28 February 2021
2020 Toyota Glanza,G ISG,Manual,"26,014 km",1st Owner,Petrol,DL-1C,"₹8,58,000",11 December 2024
2022 Hyundai NEW SANTRO,SPORTZ EXECUTIVE MT CNG,Manual,"2,077 km",1st Owner,CNG,DL-9C,"₹6,31,000",11 February 2022
2019 Maruti Swift,ZXI PLUS,Manual,"39,682 km",1st Owner,Petrol,UP-14,"₹7,39,000",21 May 2022
2019 Hyundai NEW SANTRO,MAGNA,Manual,"25,411 km",1st Owner,Petrol,HR-26,"₹4,62,000",15 March 2025
2017 Honda Jazz,1.2L I-VTEC V AT,Automatic,"25,244 km",1st Owner,Petrol,HR-51,"₹6,46,000",27 January 2023
2015 Maruti Celerio,VXI AMT,Automatic,"46,562 km",1st Owner,Petrol,HR-51,"₹4,38,000",18 November 2021
2021 Maruti Alto,VXI,Manual,"21,969 km",1st Owner,Petrol,DL-6C,"₹4,13,000",29 November 2019
2020 Tata ALTROZ,XZ 1.2,Manual,"23,268 km",1st Owner,Petrol,DL-12,"₹7,66,000",21 April 2019
2018 Maruti Swift,LXI,Manual,"54,148 km",2nd Owner,Petrol,DL-9C,"₹5,17,000",01 February 2024
2020 KIA SONET,GTX + 1.0 IMT,Manual,"12,461 km",1st Owner,Petrol,DL-10,"₹13,19,000",28 November 2020
2019 Hyundai VENUE,SX (O) 1.5 CRDI,Manual,"57,123 km",1st Owner,Diesel,HR-51,"₹10,01,000",18 August 2021
2018 Maruti Alto 800,LXI,Manual,"18,750 km",1st Owner,Petrol,DL-3C,"₹3,14,000",20 February 2020
2021 Maruti Baleno,ALPHA PETROL 1.2,Manual,"13,748 km",1st Owner,Petrol,UP-62,"₹8,80,000",20 March 2021
2019 Maruti Celerio,VXI CNG OPT,Manual,"71,910 km",1st Owner,CNG,HR-13,"₹5,06,000",24 June 2018
2021 Mahindra Thar,LX D 4*4 MT HT,Manual,"17,312 km",1st Owner,Diesel,HR-51,"₹15,99,000",20 October 2021
2015 Hyundai Creta,1.6 S,Manual,"27,923 km",1st Owner,Petrol,UP-32,"₹7,91,000",13 November 2021
2021 Mahindra Thar,LX PETROL HT 4WD AT,Automatic,"11,551 km",1st Owner,Petrol,HR-70,"₹15,28,000",23 February 2021
2021 Renault Kiger,RXZ CVT 1.0 TURBO,Automatic,"2,461 km",1st Owner,Petrol,UP-16,"₹9,90,000",17 February 2023
2021 Maruti ALTO,LXI CNG,Manual,"30,310 km",1st Owner,CNG,HR-26,"₹4,38,000",08 July 2021
2020 Maruti New Wagon-R,LXI CNG 1.0 L,Manual,"31,387 km",2nd Owner,CNG,HR-87,"₹5,67,000",25 April 2024
2020 KIA SONET,GTX PLUS DCT 1.0,Manual,"12,835 km",1st Owner,Petrol,HR-26,"₹12,71,000",02 August 2022
2011 Maruti Swift,ZXI,Manual,"79,489 km",1st Owner,Petrol,HR-26,"₹2,93,000",24 May 2019
