,car_name,variant,transmission,km_driven,owner_type,fuel_type,registeration,price,Date,year
0,Tata NEXON,XM 1.2,Manual,95230,1st Owner,Petrol,UP-16,650000.0,2018-12-31,2018-01-01
1,Renault Kwid,1.0 RXT Opt,Manual,72956,2nd Owner,Petrol,HR-11,319000.0,2019-03-05,2017-01-01
2,HYUNDAI ELITE I20,ASTA 1.2 (O),Manual,50636,2nd Owner,Petrol,DL-7C,587000.0,2024-08-08,2017-01-01
3,Mahindra XUV 3OO,W8(O),Manual,86652,1st Owner,Diesel,DL-12,822000.0,2025-01-25,2019-01-01
4,Hyundai Creta,1.5 SX (O) AT,Automatic,20235,1st Owner,Petrol,DL-9C,1674000.0,2020-01-14,2020-01-01
5,MAHINDRA SCORPIO,S11,Manual,15235,1st Owner,Diesel,UP-32,1731000.0,2020-11-01,2021-01-01
6,Hyundai Verna,FLUIDIC 1.4 VTVT CX,Manual,57937,1st Owner,Petrol,DL-12,501000.0,2021-09-16,2014-01-01
7,Tata Tiago,XZ PETROL,Manual,50097,1st Owner,Petrol,HR-26,419000.0,2022-10-01,2017-01-01
8,Maruti Eeco,5 STR WITH A/C+HTR,Manual,15468,1st Owner,Petrol,DL-2C,486000.0,2023-03-26,2019-01-01
9,VOLKSWAGEN POLO,HIGHLINE1.2L PETROL,Manual,64704,2nd Owner,Petrol,DL-3C,495000.0,2021-08-25,2015-01-01
10,Maruti WAGON R 1.0,LXI,Manual,83279,1st Owner,Petrol,DL-1C,332000.0,2020-06-25,2017-01-01
11,Maruti ALTO 800,LXI CNG,Manual,95040,1st Owner,CNG,DL-5C,304000.0,2020-06-08,2018-01-01
12,SKODA KUSHAQ,ACTIVE 1.0 TSI MT,Manual,13624,1st Owner,Petrol,UP-14,1156000.0,2022-06-15,2022-01-01
13,Maruti Baleno,DELTA PETROL 1.2,Manual,68018,1st Owner,Petrol,DL-10,499000.0,2023-08-08,2016-01-01
14,FORD ECOSPORT,TITANIUM 1.5L DIESEL,Manual,96075,1st Owner,Diesel,DL-3C,789000.0,2025-02-09,2020-01-01
15,HYUNDAI GRAND I10,SPORTZ 1.2 KAPPA VTVT,Manual,23308,1st Owner,Petrol,DL-8C,396000.0,2022-01-08,2015-01-01
16,Maruti S Cross,SIGMA 1.5 SHVS,Manual,9769,1st Owner,Petrol,DL-7C,879000.0,2024-06-08,2021-01-01
17,RENAULT DUSTER,85 PS RXE DIESEL ADVENTURE,Manual,56105,1st Owner,Diesel,DL-1C,388000.0,2021-05-09,2014-01-01
18,Maruti SWIFT,ZXI+,Manual,28899,1st Owner,Petrol,DL-6C,631000.0,2019-11-22,2018-01-01
19,Hyundai Verna,1.6 SX VTVT,Manual,25995,2nd Owner,Petrol,DL-8C,822000.0,2020-02-07,2018-01-01
20,Maruti SWIFT,LXI,Manual,12982,1st Owner,Petrol,DL-6C,589000.0,2022-02-20,2021-01-01
21,HYUNDAI SANTRO XING,GLS,Manual,95604,1st Owner,Petrol,HR-26,247000.0,2022-04-25,2014-01-01
22,RENAULT KWID,RXL,Manual,8611,1st Owner,Petrol,HR-26,398000.0,2022-12-28,2020-01-01
23,Maruti VITARA BREZZA,ZDI PLUS AMT,Automatic,66354,1st Owner,Diesel,UP-37,840000.0,2024-09-19,2018-01-01
24,HYUNDAI CRETA,1.6 SX (O) CRDI,Manual,56461,1st Owner,Diesel,DL-8C,765000.0,2020-01-14,2015-01-01
25,Hyundai Grand i10,SPORTZ 1.2 KAPPA VTVT,Manual,31109,1st Owner,Petrol,DL-3C,428000.0,2021-10-29,2016-01-01
26,Maruti Dzire,LXI,Manual,45565,1st Owner,Petrol,HR-35,552000.0,2019-04-08,2020-01-01
27,Ford FREESTYLE,TREND+ 1.2 TI-VCT,Manual,22989,1st Owner,Petrol,DL-7C,619000.0,2020-07-01,2019-01-01
28,Hyundai New Elantra,2.0 SX AT PETROL,Automatic,3415,1st Owner,Petrol,DL-12,1248000.0,2018-05-27,2017-01-01
29,Tata Tiago,XZ 1.2 REVOTRON,Manual,35863,1st Owner,Petrol,HR-30,504000.0,2023-04-27,2020-01-01
30,Hyundai i20,MAGNA O 1.2,Manual,71274,2nd Owner,Petrol,DL-8C,239000.0,2025-04-09,2011-01-01
31,Honda City,V CVT,Automatic,81702,2nd Owner,Petrol,DL-1C,734000.0,2022-07-18,2017-01-01
32,HYUNDAI CRETA,S 1.5 PETROL,Manual,24849,1st Owner,Petrol,HR-51,1342000.0,2024-11-01,2021-01-01
33,HYUNDAI I20,MAGNA (O) 1.2,Manual,37065,1st Owner,Petrol,DL-3C,353000.0,2024-10-23,2013-01-01
34,Tata TIGOR,XZ CNG,Manual,19474,1st Owner,CNG,DL-7C,806000.0,2022-10-01,2022-01-01
35,MG HECTOR,SUPER DIESEL ,Manual,53140,2nd Owner,Diesel,HR-26,1282000.0,2018-02-16,2019-01-01
36,Skoda Rapid,1.5 TDI AT AMBITION,Automatic,32244,1st Owner,Diesel,DL-8C,806000.0,2019-04-10,2018-01-01
37,HYUNDAI ELITE I20,SPORTZ 1.2,Manual,32762,1st Owner,Petrol,DL-1C,544000.0,2021-02-16,2015-01-01
38,Maruti Swift,LXI (O),Manual,71434,2nd Owner,Petrol,DL-14,362000.0,2022-02-26,2015-01-01
39,HYUNDAI I10,ERA 1.1 IRDE,Manual,50384,1st Owner,Petrol,HR-26,270350.0,2023-06-23,2013-01-01
40,Honda Jazz,1.2L I-VTEC SELECT,Manual,51440,1st Owner,Petrol,DL-5C,299000.0,2024-07-08,2012-01-01
41,Maruti Swift,LXI,Manual,26600,1st Owner,Petrol,DL-2C,572000.0,2024-04-20,2020-01-01
42,VOLKSWAGEN VENTO,HIGHLINE 1.2 TSI AT,Automatic,535,2nd Owner,Petrol,DL-3C,467000.0,2023-11-17,2014-01-01
43,Maruti SWIFT,VXI,Manual,27022,1st Owner,Petrol,DL-8C,275000.0,2019-12-29,2011-01-01
44,HYUNDAI GRAND I10,SPORTZ (O) AT 1.2 KAPPA VTVT,Automatic,46608,1st Owner,CNG,DL-8C,579000.0,2018-07-17,2017-01-01
45,FORD ECOSPORT,1.5TITANIUM TDCI,Manual,41955,1st Owner,Diesel,UP-16,801000.0,2022-05-31,2019-01-01
46,Hyundai i20,MAGNA 1.2 VTVT,Manual,85306,1st Owner,Petrol,DL-8C,340000.0,2023-12-01,2013-01-01
47,Hyundai Grand i10,ASTA (O) 1.2 KAPPA VTVT,Manual,32353,1st Owner,Petrol,DL-12,498000.0,2019-08-27,2016-01-01
48,Hyundai Grand i10,MAGNA 1.2 KAPPA VTVT,Manual,37511,1st Owner,Petrol,DL-8C,453000.0,2022-12-05,2017-01-01
49,Maruti Ertiga,VXI,Manual,94052,2nd Owner,Petrol,DL-2C,569000.0,2021-10-19,2014-01-01
50,Maruti Vitara Brezza,VDI,Manual,98557,1st Owner,Diesel,HR-27,642000.0,2024-04-05,2018-01-01
51,HYUNDAI NEW ELANTRA,2.0 SX AT PETROL,Automatic,39077,1st Owner,Petrol,UP-16,1113000.0,2023-01-09,2016-01-01
52,Maruti S CROSS,ZETA 1.3,Manual,64911,1st Owner,Diesel,DL-10,702000.0,2023-05-11,2018-01-01
53,Hyundai VENUE,SMT 1.5 CRDI,Manual,40734,1st Owner,Diesel,HR-52,833000.0,2021-04-11,2020-01-01
54,Hyundai Santro Xing,GL PLUS,Manual,43964,1st Owner,Petrol,DL-3C,250000.0,2020-01-13,2013-01-01
55,Honda Amaze,1.2 EMT I VTEC,Manual,39406,1st Owner,Petrol,DL-8C,401000.0,2023-12-07,2014-01-01
56,Honda Amaze,1.2 SX MT I VTEC,Manual,84309,2nd Owner,CNG,DL-12,539000.0,2023-12-23,2016-01-01
57,Hyundai Elite i20,MAGNA EXECUTIVE 1.2,Manual,53067,1st Owner,Petrol,HR-30,565000.0,2023-09-22,2018-01-01
58,Maruti IGNIS,DELTA 1.2 K12,Manual,29913,1st Owner,Petrol,HR-13,465000.0,2019-02-25,2018-01-01
59,HYUNDAI GRAND I10,SPORTZ 1.2 KAPPA VTVT,Manual,56871,1st Owner,Petrol,DL-8C,369000.0,2024-03-28,2015-01-01
60,Maruti SWIFT,VXI,Manual,0,1st Owner,Petrol,HR-51,689000.0,2024-07-08,2021-01-01
61,Volkswagen Vento,HIGHLINE PLUS 1.0 TSI MT,Manual,6323,1st Owner,Petrol,UP-32,949000.0,2021-08-08,2020-01-01
62,TATA Harrier,XM 2.0L Kryotec,Manual,49585,1st Owner,Diesel,HR-26,1174000.0,2023-12-18,2019-01-01
63,Nissan MAGNITE,XV PREMIUM MT,Manual,3008,1st Owner,Petrol,HR-51,867000.0,2024-12-07,2022-01-01
64,Hyundai Elite i20,ASTA 1.2,Manual,82575,1st Owner,Petrol,DL-9C,485000.0,2021-09-03,2014-01-01
65,VOLKSWAGEN TIGUAN,HIGHLINE A/T,Automatic,88800,1st Owner,Diesel,DL-10,2069000.0,2023-10-01,2018-01-01
66,Maruti Dzire,VXI AMT,Automatic,24467,1st Owner,Petrol,DL-2C,716000.0,2024-01-31,2021-01-01
67,Honda Amaze,1.2L I-VTEC E,Manual,17202,1st Owner,Petrol,DL-4C,361000.0,2023-08-04,2014-01-01
68,KIA SONET,HTX 1.0 IMT,Manual,18786,2nd Owner,Petrol,DL-3C,1031000.0,2021-01-22,2021-01-01
69,KIA SONET,GTX PLUS 1.0 DCT,Automatic,25964,1st Owner,Petrol,HR-06,1272000.0,2022-12-22,2021-01-01
70,Honda City,V MT PETROL,Manual,5785,1st Owner,Petrol,DL-4C,1048000.0,2018-09-10,2021-01-01
71,Hyundai VENUE,S MT 1.2 KAPPA,Manual,15163,1st Owner,Petrol,DL-7C,867000.0,2021-06-09,2022-01-01
72,Hyundai i10,SPORTZ 1.2,Manual,21545,1st Owner,Petrol,HR-51,302000.0,2021-05-16,2013-01-01
73,Skoda Rapid,MONTE CARLO 1.0 MT,Manual,35196,1st Owner,Petrol,DL-10,1057000.0,2023-11-28,2021-01-01
74,Hyundai NEW I20,MAGNA 1.2 MT,Manual,18141,1st Owner,Petrol,DL-12,736000.0,2022-11-20,2021-01-01
75,Maruti Ciaz,1.5 SIGMA SHVS,Manual,78567,1st Owner,Petrol,DL-1C,713000.0,2025-04-06,2020-01-01
77,Hyundai Eon,MAGNA PLUS,Manual,34328,1st Owner,Petrol,DL-3C,272000.0,2020-03-18,2014-01-01
78,Maruti S PRESSO,VXI CNG,Manual,68657,1st Owner,CNG,HR-72,397000.0,2022-02-01,2020-01-01
79,KIA SONET,GTX + 1.0 IMT,Manual,7036,1st Owner,Petrol,HR-26,1216000.0,2025-02-10,2021-01-01
80,Hyundai i20 Active,1.2 S,Manual,89972,1st Owner,Petrol,UP-53,607000.0,2019-12-25,2018-01-01
81,Maruti Wagon R 1.0,VXI,Manual,56510,1st Owner,Petrol,HR-26,332000.0,2021-10-06,2015-01-01
82,Maruti Baleno,SIGMA PETROL 1.2,Manual,18446,2nd Owner,Petrol,DL-5C,570000.0,2019-10-19,2020-01-01
83,HYUNDAI ELITE I20,MAGNA EXECUTIVE 1.2,Manual,55117,2nd Owner,Petrol,DL-8C,552000.0,2019-01-12,2018-01-01
84,Hyundai Creta,E PLUS 1.6 PETROL,Manual,70443,1st Owner,Petrol,DL-8C,820000.0,2024-07-23,2017-01-01
85,Hyundai Xcent,SX 1.2,Manual,42846,1st Owner,CNG,DL-9C,579250.0,2019-04-12,2019-01-01
86,Hyundai Grand i10,SPORTZ 1.2 KAPPA VTVT,Manual,46658,1st Owner,Petrol,DL-2C,396000.0,2022-12-11,2015-01-01
87,TATA ALTROZ,XZ 1.2,Manual,32195,1st Owner,Petrol,HR-19,692000.0,2025-03-30,2020-01-01
88,Tata Tiago,XZ+ CNG 1.2 RTN,Manual,13579,1st Owner,CNG,DL-9C,753000.0,2021-03-16,2022-01-01
89,Renault Kiger,RXL EASY R 1.0 L,Automatic,41505,1st Owner,Petrol,HR-19,686000.0,2023-12-13,2021-01-01
90,Toyota Corolla Altis,G AT,Automatic,88365,1st Owner,Petrol,DL-2C,937000.0,2022-08-03,2016-01-01
91,Tata Harrier,XT+ Dark Edition,Manual,15347,1st Owner,Diesel,HR-98,1770000.0,2022-10-04,2021-01-01
92,Honda City,1.5 E MT PETROL,Manual,19282,1st Owner,Petrol,DL-14,615000.0,2024-10-12,2016-01-01
93,Hyundai Grand i10,SPORTZ (O) 1.2 KAPPA VTVT,Manual,50446,1st Owner,Petrol,HR-10,506000.0,2023-07-22,2017-01-01
94,KIA SELTOS,GTX + AT PETROL,Automatic,9417,1st Owner,Petrol,DL-8C,1663000.0,2020-12-03,2020-01-01
95,Hyundai AURA,SX 1.2,Manual,31093,1st Owner,Petrol,DL-9C,706000.0,2025-03-31,2020-01-01
96,Jeep Compass,2.0 LONGITUDE (O),Manual,32038,1st Owner,Diesel,DL-10,1142000.0,2018-02-07,2017-01-01
97,HONDA BRIO,1.2 S MT I VTEC,Manual,50574,1st Owner,Petrol,DL-8C,293000.0,2023-09-25,2013-01-01
98,HYUNDAI VERNA,SX (O) 1.5 CRDI,Manual,36033,1st Owner,Diesel,HR-10,1596000.0,2021-09-29,2021-01-01
99,Nissan Micra Active,XL(O),Manual,18993,2nd Owner,Petrol,HR-26,484000.0,2022-06-25,2018-01-01
100,Tata Tiago,XZA 1.2 REVOTRON,Automatic,52164,1st Owner,Petrol,DL-3C,520000.0,2023-03-18,2019-01-01
101,Maruti Wagon R 1.0,LXI,Manual,32075,1st Owner,Petrol,DL-9C,190000.0,2020-08-30,2010-01-01
102,Maruti Baleno,DELTA PETROL 1.2,Manual,69292,1st Owner,Petrol,DL-8C,502000.0,2025-05-14,2016-01-01
103,MG HECTOR,SHARP DCT PETROL,Automatic,52597,1st Owner,Petrol,UP-41,1612000.0,2022-05-05,2020-01-01
104,Maruti Swift,LXI,Manual,51267,1st Owner,CNG,HR-51,570000.0,2020-08-04,2019-01-01
105,Hyundai i10,MAGNA 1.1 IRDE2,Manual,48832,1st Owner,Petrol,DL-10,343000.0,2025-05-12,2015-01-01
106,HYUNDAI GRAND I10,SPORTZ 1.2 KAPPA VTVT,Manual,36938,1st Owner,Petrol,DL-8C,362000.0,2022-07-04,2014-01-01
107,Honda Brio,VX AT,Automatic,23106,1st Owner,Petrol,DL-3C,531000.0,2021-12-01,2017-01-01
108,Maruti Swift,ZXI+,Manual,6901,1st Owner,Petrol,DL-8C,819000.0,2020-01-21,2021-01-01
109,Maruti Baleno,SIGMA PETROL 1.2,Manual,21864,2nd Owner,Petrol,DL-5C,561000.0,2020-03-16,2020-01-01
110,Honda City,V MT PETROL,Manual,29942,1st Owner,Petrol,DL-3C,864000.0,2023-05-20,2018-01-01
111,HONDA AMAZE,1.2 V CVT I VTEC,Automatic,12503,1st Owner,Petrol,DL-14,719000.0,2021-09-18,2018-01-01
112,Maruti Dzire,VXI AMT,Automatic,42526,1st Owner,Petrol,DL-12,570000.0,2022-02-28,2017-01-01
113,Maruti BALENO,DELTA PETROL 1.2,Manual,62610,1st Owner,Petrol,DL-2C,586000.0,2020-01-22,2019-01-01
114,KIA SONET,HTX 1.0 IMT,Manual,11425,1st Owner,Petrol,UP-16,1139000.0,2020-06-16,2021-01-01
115,Maruti CIAZ,DELTA 1.5 SHVS VVT MT,Manual,20701,1st Owner,Petrol,DL-12,759000.0,2019-09-20,2019-01-01
116,Jeep Compass,1.4  LONGITUDE (O) AT,Automatic,23690,1st Owner,Petrol,DL-3C,1857000.0,2020-11-04,2019-01-01
117,Maruti CIAZ,ALPHA 1.4 PETROL,Manual,79277,2nd Owner,Petrol,DL-6C,636000.0,2019-08-23,2017-01-01
118,Renault TRIBER,RXZ AT,Automatic,16093,1st Owner,Petrol,UP-32,708000.0,2021-11-29,2020-01-01
119,Volkswagen Polo,HIGHLINE PLUS 1.2L PETROL,Manual,30398,1st Owner,Petrol,DL-2C,623000.0,2019-10-02,2017-01-01
120,HYUNDAI GRAND I10,ASTA AT 1.2 KAPPA VTVT,Automatic,32744,1st Owner,Petrol,DL-12,502000.0,2022-09-26,2015-01-01
121,Volkswagen Polo,HIGHLINE PLUS 1.2L PETROL,Manual,18913,1st Owner,Petrol,DL-10,627000.0,2021-08-01,2018-01-01
122,Tata Tiago,XZ PLUS PETROL,Manual,53126,1st Owner,Petrol,HR-72,492000.0,2021-03-18,2019-01-01
123,Maruti Alto,LXI,Manual,24884,1st Owner,Petrol,UP-14,153000.0,2025-01-06,2010-01-01
124,Maruti Ciaz,VXI PLUS,Manual,47014,2nd Owner,Petrol,DL-2C,614000.0,2019-12-15,2016-01-01
125,KIA SELTOS,HTX 1.5 DIESEL,Manual,60147,1st Owner,Diesel,DL-4C,1357000.0,2018-12-22,2021-01-01
126,HYUNDAI VERNA,1.6 VTVT SX (O) AT,Automatic,95153,2nd Owner,Petrol,HR-26,881000.0,2024-11-24,2017-01-01
127,TATA TIAGO,XZA 1.2 REVOTRON,Automatic,53852,1st Owner,Petrol,DL-3C,511000.0,2024-04-26,2018-01-01
128,Mahindra Thar,LX HT PETROL 4WD MT,Manual,6089,1st Owner,Petrol,DL-10,1476000.0,2019-04-15,2021-01-01
129,Maruti Wagon R 1.0,LXI CNG,Manual,58419,1st Owner,CNG,HR-29,312000.0,2020-05-11,2014-01-01
130,HYUNDAI VENUE,S 1.2,Manual,74909,1st Owner,Petrol,UP-13,728000.0,2022-10-15,2020-01-01
131,Hyundai Creta,E PLUS 1.6 PETROL,Manual,28028,1st Owner,Petrol,DL-12,925000.0,2023-12-09,2017-01-01
132,MG HECTOR,SHARP DCT PETROL,Automatic,34505,1st Owner,Petrol,UP-16,1573000.0,2020-05-03,2020-01-01
133,Honda City,VX CVT PETROL,Automatic,26230,2nd Owner,Petrol,UP-14,1147000.0,2022-10-28,2020-01-01
134,HONDA CITY,SV CVT PETROL,Automatic,53566,1st Owner,Petrol,DL-4C,653000.0,2022-09-20,2015-01-01
135,Maruti Baleno,ZETA PETROL 1.2,Manual,26354,2nd Owner,CNG,DL-5C,736000.0,2022-12-27,2020-01-01
136,Maruti Swift Dzire,ZXI 1.2 BS IV,Manual,13470,1st Owner,Petrol,DL-5C,509000.0,2019-10-30,2016-01-01
137,Honda City,S MT PETROL,Manual,2,2nd Owner,Petrol,HR-26,315000.0,2022-09-12,2011-01-01
138,Maruti Swift,ZXI,Manual,40183,2nd Owner,Petrol,HR-26,525000.0,2019-07-12,2017-01-01
139,Honda City,V MT PETROL,Manual,19038,1st Owner,Petrol,DL-3C,794000.0,2023-12-31,2017-01-01
140,Tata NEXON,XM 1.2,Manual,50331,2nd Owner,CNG,DL-3C,696000.0,2022-06-14,2019-01-01
141,Honda Amaze,1.5L I-DTEC S,Manual,45360,2nd Owner,Diesel,HR-30,366000.0,2022-07-19,2015-01-01
142,HONDA AMAZE,1.2L I-VTEC E,Manual,20752,1st Owner,Petrol,DL-4C,608000.0,2022-11-08,2019-01-01
143,TATA HEXA,Varicor 400 XMA,Automatic,76644,1st Owner,Diesel,DL-7C,980000.0,2023-10-20,2018-01-01
144,Honda Amaze,1.2L I-VTEC VX,Manual,39936,1st Owner,Petrol,HR-26,392000.0,2019-03-10,2014-01-01
145,HYUNDAI XCENT,SX 1.2 (O),Manual,84007,2nd Owner,Petrol,DL-3C,447000.0,2020-06-11,2016-01-01
146,Maruti SWIFT,LXI,Manual,31519,1st Owner,Petrol,DL-3C,395000.0,2024-09-02,2014-01-01
147,Mahindra Thar,CRDE 4X4 AC,Manual,41410,1st Owner,Diesel,HR-26,718000.0,2018-04-27,2018-01-01
148,HYUNDAI CRETA,1.4 S PLUS,Manual,58830,1st Owner,Diesel,DL-1C,859000.0,2019-11-01,2017-01-01
149,Maruti CIAZ,VXI,Manual,33410,2nd Owner,Petrol,DL-12,566000.0,2018-07-16,2016-01-01
150,Maruti XL6,ALPHA MT,Manual,24087,1st Owner,Petrol,UP-32,1006000.0,2022-12-15,2020-01-01
151,Honda City,SV MT PETROL,Manual,28673,1st Owner,Petrol,DL-11,854000.0,2019-10-07,2019-01-01
152,Toyota URBAN CRUISER,HIGH AT,Automatic,30448,1st Owner,Petrol,DL-8C,1064000.0,2021-02-24,2021-01-01
153,Hyundai NEW SANTRO,ERA EXECUTIVE,Manual,39364,1st Owner,Petrol,DL-11,456200.0,2019-12-17,2020-01-01
155,Renault TRIBER,RXZ AT,Automatic,8756,1st Owner,Petrol,UP-32,729000.0,2021-02-01,2020-01-01
156,Maruti VITARA BREZZA,VDI,Manual,81027,1st Owner,Diesel,DL-1C,739000.0,2020-05-21,2019-01-01
157,Maruti ALTO K10,LXI CNG,Manual,91884,1st Owner,CNG,HR-26,318000.0,2021-11-29,2016-01-01
158,Honda City,VX (O) PETROL,Manual,70190,1st Owner,Petrol,HR-29,666000.0,2021-12-10,2015-01-01
159,HYUNDAI ELITE I20,MAGNA 1.2,Manual,33752,1st Owner,Petrol,DL-8C,513000.0,2019-12-16,2016-01-01
160,Honda Amaze,1.2 EXMT I VTEC,Manual,77120,1st Owner,Petrol,DL-4C,348000.0,2024-01-31,2014-01-01
161,Hyundai Grand i10,MAGNA 1.2 KAPPA VTVT,Manual,35022,1st Owner,Petrol,DL-8C,472000.0,2021-04-18,2017-01-01
162,HONDA JAZZ,1.2L I-VTEC V AT,Automatic,28608,1st Owner,Petrol,DL-12,664000.0,2018-08-26,2017-01-01
163,HYUNDAI VERNA,1.6 VTVT SX (O) AT,Automatic,38660,1st Owner,Petrol,DL-1C,986000.0,2022-05-21,2018-01-01
164,Maruti ALTO K10,VXI,Manual,50002,1st Owner,Petrol,DL-3C,323000.0,2023-02-08,2018-01-01
165,Maruti Dzire,VXI,Manual,53069,1st Owner,Petrol,UP-16,547000.0,2024-12-23,2018-01-01
166,HONDA AMAZE,1.2L I-VTEC S,Manual,90618,1st Owner,CNG,DL-3C,628000.0,2018-10-14,2019-01-01
167,Hyundai Santro Xing,GL PLUS,Manual,49322,1st Owner,Petrol,DL-3C,202000.0,2022-06-20,2011-01-01
168,Hyundai Elite i20,SPORTZ 1.2,Manual,54124,1st Owner,Petrol,DL-12,585000.0,2024-02-01,2017-01-01
169,Maruti Swift,LXI,Manual,18862,1st Owner,Petrol,UP-14,585000.0,2019-03-16,2020-01-01
170,Hyundai Creta,EX 1.5 PETROL,Manual,45938,1st Owner,Petrol,HR-51,1109000.0,2018-10-04,2020-01-01
171,HYUNDAI CRETA,SX AT 1.6 PETROL,Automatic,13948,1st Owner,Petrol,UP-14,1337000.0,2020-10-15,2019-01-01
172,Honda City,1.5L I-VTEC V MT,Manual,38508,1st Owner,Petrol,DL-11,825000.0,2020-11-19,2018-01-01
173,Renault Kwid,1.0 RXT Opt,Manual,41823,1st Owner,Petrol,DL-8C,358000.0,2020-12-04,2018-01-01
174,Renault Duster,RXS CVT 106 PS,Automatic,74566,2nd Owner,Petrol,DL-3C,698000.0,2019-04-26,2018-01-01
175,Maruti Baleno,DELTA PETROL 1.2,Manual,28078,1st Owner,Petrol,UP-16,610000.0,2022-03-25,2018-01-01
176,Hyundai Grand i10,MAGNA 1.2 KAPPA VTVT,Manual,1,1st Owner,Petrol,DL-10,456000.0,2020-09-28,2016-01-01
177,Hyundai Elite i20,1.2 SPORTS PLUS VTVT,Manual,49538,1st Owner,Petrol,DL-11,695000.0,2022-01-14,2019-01-01
178,Maruti Swift,VXI,Manual,57871,1st Owner,Petrol,DL-3C,533000.0,2019-07-23,2018-01-01
179,VOLKSWAGEN POLO,COMFORTLINE 1.0 TSI MT,Manual,13703,1st Owner,Petrol,DL-7C,803000.0,2023-04-19,2021-01-01
180,Maruti Baleno,ALPHA PETROL 1.2,Manual,25628,1st Owner,Petrol,HR-10,573000.0,2024-08-25,2016-01-01
181,Hyundai Grand i10,MAGNA 1.2 KAPPA VTVT,Manual,57740,1st Owner,Petrol,DL-8C,389000.0,2024-06-21,2015-01-01
182,Maruti Vitara Brezza,VXI,Manual,4178,1st Owner,Petrol,DL-2C,901000.0,2024-02-22,2022-01-01
183,Honda City,SV MT PETROL,Manual,72662,1st Owner,Petrol,UP-14,584000.0,2022-09-06,2015-01-01
184,Hyundai Grand i10,MAGNA 1.2 KAPPA VTVT,Manual,17815,1st Owner,Petrol,DL-9C,484000.0,2019-12-27,2017-01-01
185,Honda City,V MT PETROL,Manual,31912,1st Owner,Petrol,DL-10,848000.0,2023-12-03,2018-01-01
186,SKODA RAPID,1.0 AMBITION TSI MT,Manual,45347,1st Owner,Petrol,HR-01,893000.0,2021-11-09,2020-01-01
187,HYUNDAI CRETA,1.6 CRDI SX PLUS AUTO,Automatic,58009,2nd Owner,Diesel,UP-32,977000.0,2023-01-30,2018-01-01
188,Hyundai Grand i10,Magna 1.2 AT  VTVT,Automatic,51693,1st Owner,Petrol,DL-8C,475000.0,2025-03-20,2017-01-01
189,Hyundai Grand i10,SPORTZ 1.2 KAPPA VTVT,Manual,24035,1st Owner,Petrol,DL-8C,454000.0,2018-03-27,2016-01-01
190,Maruti Wagon R 1.0,LXI,Manual,33016,2nd Owner,Petrol,DL-7C,298000.0,2022-08-04,2014-01-01
191,Renault Kwid,1.0 RXT Opt,Manual,15030,1st Owner,Petrol,DL-3C,361000.0,2023-07-21,2018-01-01
192,Hyundai Elite i20,ASTA 1.2,Manual,20590,1st Owner,Petrol,DL-4C,712000.0,2022-12-25,2018-01-01
193,Maruti CELERIO,VXI CNG,Manual,49841,1st Owner,CNG,DL-12,489000.0,2020-03-07,2018-01-01
194,Hyundai Elite i20,1.2 MAGNA PLUS VTVT,Manual,22634,2nd Owner,Petrol,DL-1C,629000.0,2020-10-26,2019-01-01
195,KIA SELTOS,GTX 1.4 GDI AT PETROL,Automatic,13672,1st Owner,Petrol,UP-70,1441000.0,2018-09-10,2019-01-01
196,Honda Jazz,1.2 SV MT,Manual,51897,1st Owner,Petrol,DL-14,461000.0,2019-07-22,2016-01-01
197,Maruti Alto K10,LXI CNG,Manual,65329,1st Owner,CNG,DL-9C,401000.0,2021-08-20,2019-01-01
198,Maruti SWIFT DZIRE,ZXI 1.3,Manual,78054,2nd Owner,Petrol,DL-9C,241000.0,2018-03-26,2010-01-01
199,Tata NEXON,XZ 1.2,Manual,17620,1st Owner,Petrol,DL-9C,938000.0,2023-09-25,2021-01-01
200,MAHINDRA XUV 3OO,1.2 W6 MT,Manual,31346,1st Owner,Petrol,DL-3C,1011000.0,2021-06-25,2021-01-01
201,Honda City,S MT PETROL,Manual,61408,2nd Owner,Petrol,DL-4C,449000.0,2024-03-24,2013-01-01
202,Maruti Baleno,ALPHA PETROL 1.2,Manual,20599,2nd Owner,Petrol,HR-26,623000.0,2024-11-19,2018-01-01
203,Hyundai Elite i20,MAGNA PLUS 1.2,Manual,33238,1st Owner,Petrol,HR-26,610000.0,2024-01-07,2019-01-01
204,VOLKSWAGEN VENTO,1.2 TSI HIGHLINE PLUS AT,Automatic,48179,1st Owner,Petrol,HR-51,850000.0,2024-06-19,2019-01-01
205,HONDA CITY,SV MT PETROL,Manual,62994,1st Owner,Petrol,DL-1C,542000.0,2019-07-10,2014-01-01
206,Hyundai Elite i20,ASTA 1.2,Manual,62683,1st Owner,Petrol,DL-12,572000.0,2024-05-18,2015-01-01
207,HYUNDAI VENUE,1.0 TURBO GDI SX+ AT,Automatic,57801,1st Owner,Petrol,HR-76,929000.0,2024-12-12,2019-01-01
208,HYUNDAI CRETA,SX 1.6 DIESEL,Manual,61764,2nd Owner,Diesel,DL-5C,993000.0,2023-07-10,2018-01-01
209,Volkswagen Ameo,HIGHLINE PLUS DSG 1.5,Automatic,59657,1st Owner,Diesel,DL-8C,759000.0,2022-11-08,2019-01-01
210,VOLKSWAGEN TIGUAN,HIGHLINE A/T,Automatic,68377,1st Owner,Diesel,DL-1C,1996000.0,2025-01-05,2018-01-01
211,HONDA AMAZE,1.5 VXMT I DTEC,Manual,52767,1st Owner,Diesel,DL-10,645000.0,2022-08-22,2018-01-01
212,Hyundai NEW I20 N LINE,N8 1.0 TURBO GDI DCT,Automatic,14958,1st Owner,Petrol,HR-14,1144000.0,2020-12-17,2022-01-01
213,Maruti Swift,LXI,Manual,11175,1st Owner,Petrol,DL-3C,591000.0,2019-12-25,2020-01-01
214,Volkswagen Polo,COMFORTLINE 1.0 PETROL,Manual,27132,1st Owner,Petrol,DL-10,662000.0,2025-03-27,2018-01-01
215,Hyundai Verna,1.6 SX VTVT AT (O),Automatic,42423,1st Owner,Petrol,DL-12,933000.0,2023-06-30,2017-01-01
216,Maruti Swift,LXI,Manual,14058,1st Owner,Petrol,DL-2C,562000.0,2024-01-28,2019-01-01
217,Mahindra Thar,LX D 4*4 MT HT,Manual,16749,2nd Owner,Diesel,HR-24,1500000.0,2019-04-16,2021-01-01
218,Maruti ALTO 800,LXI,Manual,27997,2nd Owner,Petrol,HR-36,336000.0,2020-09-09,2018-01-01
219,HYUNDAI GRAND I10,Sportz1.2 CRDI,Manual,68845,1st Owner,Diesel,UP-83,500000.0,2022-10-01,2017-01-01
220,Toyota Etios,G SP,Manual,78652,1st Owner,Petrol,HR-29,361000.0,2020-10-30,2014-01-01
221,Maruti SWIFT,LXI,Manual,51768,1st Owner,Petrol,DL-1C,546000.0,2023-06-21,2020-01-01
222,MAHINDRA XUV 3OO,1.2 W6 AT,Automatic,6970,1st Owner,Petrol,DL-12,1122000.0,2019-09-24,2022-01-01
223,VOLKSWAGEN TIGUAN,HIGHLINE A/T,Automatic,75468,1st Owner,Diesel,DL-1C,1865000.0,2023-06-09,2018-01-01
224,Hyundai NEW I20,SPORTZ 1.0T GDI IMT,Manual,15840,1st Owner,Petrol,UP-14,793000.0,2025-02-24,2021-01-01
225,Honda WR-V,1.2 i-VTEC S MT,Manual,50925,1st Owner,Petrol,UP-53,642000.0,2020-02-22,2018-01-01
226,Maruti SWIFT,ZXI,Manual,48929,1st Owner,Petrol,DL-3C,458000.0,2018-01-04,2014-01-01
227,Hyundai Grand i10,MAGNA 1.2 KAPPA VTVT,Manual,30183,1st Owner,Petrol,DL-8C,465000.0,2018-09-25,2017-01-01
229,TOYOTA YARIS,G MT,Manual,44145,1st Owner,Petrol,DL-1C,847000.0,2023-01-07,2020-01-01
230,Maruti Dzire,VDI,Manual,85262,1st Owner,Diesel,DL-12,585000.0,2019-04-23,2018-01-01
231,Maruti DZIRE,ZDI Plus AMT,Automatic,82887,1st Owner,Diesel,DL-6C,625000.0,2020-03-28,2018-01-01
232,Hyundai Creta,SX AT 1.6 PETROL,Automatic,26003,2nd Owner,Petrol,HR-26,1220000.0,2024-12-18,2019-01-01
233,Toyota Camry,2.5 AT,Automatic,93626,1st Owner,Petrol,HR-26,1196000.0,2022-06-17,2015-01-01
234,Maruti Swift,LXI,Manual,29670,1st Owner,Petrol,HR-29,568000.0,2019-03-26,2021-01-01
235,Mahindra Thar,LX D 4*4 MT HT,Manual,41433,1st Owner,Diesel,HR-54,1484250.0,2018-11-18,2021-01-01
236,HYUNDAI NEW SANTRO,ASTA 1.1 MT,Manual,41819,1st Owner,Petrol,DL-5C,456000.0,2022-08-07,2019-01-01
237,Hyundai VENUE,1.4 CRDI MT SX,Manual,40655,1st Owner,Diesel,DL-5C,928000.0,2025-04-07,2019-01-01
238,Honda Jazz,1.2 V MT,Manual,35734,1st Owner,Petrol,UP-16,471000.0,2020-12-10,2016-01-01
239,Maruti IGNIS,DELTA 1.2,Manual,32089,1st Owner,Petrol,DL-3C,487000.0,2019-10-20,2018-01-01
240,Maruti Baleno,DELTA PETROL 1.2,Manual,42431,1st Owner,Petrol,HR-26,676000.0,2023-08-06,2021-01-01
241,Maruti ALTO K10,VXI,Manual,53883,1st Owner,Petrol,HR-26,366000.0,2024-04-11,2019-01-01
242,Toyota Etios Liva,G,Manual,77156,1st Owner,Petrol,DL-10,278000.0,2024-07-13,2013-01-01
243,Maruti Vitara Brezza,ZXI+ DUAL TONE,Manual,30331,1st Owner,Petrol,HR-26,921000.0,2024-01-25,2020-01-01
244,Maruti BALENO,ZETA CVT PETROL 1.2,Automatic,35131,2nd Owner,Petrol,UP-16,758000.0,2022-03-04,2020-01-01
245,Renault Duster,RXL PETROL 104,Manual,33494,1st Owner,Petrol,DL-8C,687000.0,2019-12-15,2017-01-01
246,Maruti Swift,VXI AMT,Automatic,91,1st Owner,Petrol,HR-26,777200.0,2018-03-22,2022-01-01
247,VOLKSWAGEN VENTO,COMFORTLINE DIESEL 1.5,Manual,32652,1st Owner,Diesel,UP-14,759000.0,2018-03-08,2019-01-01
248,Maruti Wagon R 1.0,VXI AMT,Automatic,24549,2nd Owner,Petrol,DL-5C,448000.0,2018-04-20,2018-01-01
249,Maruti RITZ,VXI ELATE LIMITED EDITION,Manual,52682,1st Owner,Petrol,DL-8C,316000.0,2023-10-14,2014-01-01
250,Maruti Vitara Brezza,ZXI,Manual,170,1st Owner,Petrol,HR-26,996000.0,2024-01-12,2021-01-01
251,Skoda Rapid,1.0 AMBITION TSI AT,Automatic,55243,1st Owner,Petrol,DL-10,932000.0,2025-01-04,2020-01-01
252,Jeep Compass,2.0 LIMITED,Manual,47136,1st Owner,Diesel,HR-26,1621000.0,2024-09-15,2019-01-01
253,Maruti Baleno,SIGMA PETROL 1.2,Manual,22354,1st Owner,Petrol,DL-12,603000.0,2023-09-25,2020-01-01
254,HYUNDAI ELITE I20,ASTA 1.2 (O),Manual,40106,1st Owner,Petrol,DL-7C,614000.0,2020-05-19,2016-01-01
255,Maruti WAGON R 1.0,VXI,Manual,48863,1st Owner,Petrol,HR-26,404000.0,2024-01-05,2018-01-01
256,Maruti SWIFT DZIRE,VXI,Manual,48669,1st Owner,Petrol,DL-3C,380000.0,2023-11-08,2013-01-01
257,Maruti VITARA BREZZA,ZDI PLUS,Manual,50465,1st Owner,Diesel,UP-14,770000.0,2021-10-11,2018-01-01
258,Maruti Baleno,DELTA 1.2 K12,Manual,39910,2nd Owner,Petrol,DL-7C,526000.0,2023-02-13,2018-01-01
259,Maruti Vitara Brezza,ZDI,Manual,31439,1st Owner,Diesel,DL-4C,880000.0,2021-02-24,2020-01-01
260,Maruti Dzire,ZXI AMT,Automatic,1570,1st Owner,Petrol,DL-12,924000.0,2020-12-18,2022-01-01
261,Maruti CELERIO,VXI,Manual,44893,1st Owner,Petrol,DL-1C,446000.0,2022-08-24,2019-01-01
262,Hyundai Grand i10,SPORTZ (O) 1.2 KAPPA VTVT,Manual,36974,1st Owner,Petrol,UP-14,488000.0,2024-01-03,2017-01-01
263,Maruti IGNIS,SIGMA 1.2,Manual,35874,2nd Owner,Petrol,DL-12,434000.0,2025-05-21,2018-01-01
264,Honda WR-V,1.2L I-VTEC S MT,Manual,27235,1st Owner,Petrol,HR-36,677000.0,2018-12-10,2018-01-01
265,Maruti Baleno,DELTA PETROL 1.2,Manual,33836,1st Owner,Petrol,DL-3C,615000.0,2023-01-24,2019-01-01
266,Honda City,V MT PETROL,Manual,35601,1st Owner,Petrol,UP-16,774000.0,2019-04-11,2017-01-01
267,Ford Ecosport,1.0 TREND+ (ECOBOOST),Manual,59612,1st Owner,Petrol,DL-10,632000.0,2022-09-15,2016-01-01
268,Honda City,S MT PETROL,Manual,63533,1st Owner,Petrol,HR-26,415000.0,2021-06-01,2012-01-01
269,FORD ECOSPORT,TITANIUM 1.5L PETROL,Manual,22270,1st Owner,Petrol,UP-16,793000.0,2018-03-30,2019-01-01
270,Maruti Celerio,ZXI AMT,Automatic,44995,2nd Owner,Petrol,DL-8C,399000.0,2022-01-16,2016-01-01
271,Toyota Corolla Altis,GL,Manual,100530,1st Owner,Petrol,DL-3C,799000.0,2024-06-14,2015-01-01
272,Maruti Celerio,VXI AMT,Automatic,63382,2nd Owner,Petrol,DL-5C,361000.0,2020-06-27,2015-01-01
273,Hyundai NEW SANTRO,SPORTZ AMT,Automatic,35686,1st Owner,Petrol,DL-10,551000.0,2023-05-25,2020-01-01
274,Maruti Celerio,VXI,Manual,25145,1st Owner,Petrol,HR-98,475000.0,2019-10-13,2021-01-01
275,Hyundai Creta,1.6 SX VTVT,Manual,12938,1st Owner,Petrol,DL-7C,1137000.0,2023-01-31,2019-01-01
276,TOYOTA COROLLA ALTIS,VL CVT PETROL,Automatic,51062,1st Owner,Petrol,DL-10,934000.0,2023-06-26,2015-01-01
277,Volkswagen POLO,GT TDI,Manual,85697,1st Owner,Diesel,UP-16,744000.0,2021-07-30,2019-01-01
278,Ford Ecosport,TREND 1.5L PETROL,Manual,73522,1st Owner,Petrol,UP-14,600000.0,2019-06-02,2017-01-01
279,Maruti Dzire,VXI,Manual,48730,1st Owner,Petrol,HR-26,552000.0,2018-01-31,2017-01-01
280,Hyundai i10,SPORTZ 1.2 AT,Automatic,22517,2nd Owner,Petrol,DL-3C,250000.0,2024-12-19,2011-01-01
281,Maruti DZIRE,VXI AMT,Automatic,49929,1st Owner,Petrol,DL-9C,625000.0,2023-06-03,2018-01-01
282,KIA SELTOS,HTK 1.5 PETROL,Manual,7221,1st Owner,Petrol,HR-26,1132000.0,2021-04-23,2019-01-01
283,Maruti Baleno,DELTA PETROL 1.2,Manual,17266,1st Owner,Petrol,HR-26,643000.0,2018-09-16,2019-01-01
284,Honda Jazz,1.2 V AT,Automatic,65103,1st Owner,Petrol,DL-5C,523000.0,2020-07-30,2015-01-01
285,Renault Kwid,1.0 RXT Opt AT,Automatic,13095,1st Owner,Petrol,DL-3C,472000.0,2021-06-03,2020-01-01
286,Maruti BALENO,DELTA PETROL 1.2,Manual,39745,1st Owner,Petrol,DL-12,562000.0,2018-11-29,2017-01-01
287,Maruti Baleno,DELTA PETROL 1.2,Manual,41373,1st Owner,Petrol,DL-2C,517000.0,2020-03-13,2016-01-01
288,Mahindra TUV 300 PLUS,P8,Manual,83004,1st Owner,Diesel,DL-8C,819000.0,2021-11-21,2018-01-01
289,HYUNDAI GRAND I10 NIOS,MAGNA 1.2 KAPPA VTVT,Manual,19713,1st Owner,Petrol,HR-26,577000.0,2024-04-13,2020-01-01
290,Honda Amaze,1.2 EMT I VTEC,Manual,27324,1st Owner,Petrol,DL-13,394000.0,2020-12-09,2014-01-01
291,Maruti Ciaz,ALPHA 1.4 VVT,Manual,98200,1st Owner,Petrol,DL-8C,653000.0,2021-09-02,2017-01-01
292,Honda City,V MT PETROL,Manual,33591,1st Owner,Petrol,DL-10,698000.0,2021-05-01,2016-01-01
293,KIA SELTOS,HTX 1.5 PETROL,Manual,9337,1st Owner,Petrol,HR-98,1496000.0,2024-08-08,2021-01-01
294,Tata Tiago,XZ+ CNG 1.2 RTN,Manual,30399,1st Owner,CNG,HR-26,757000.0,2023-02-18,2022-01-01
295,Maruti Baleno,ZETA PETROL 1.2,Manual,55153,1st Owner,Petrol,DL-2C,663000.0,2018-10-04,2019-01-01
296,Toyota YARIS,J CVT,Automatic,38184,1st Owner,Petrol,DL-10,903000.0,2024-02-21,2020-01-01
297,HYUNDAI ELITE I20,ASTA 1.2,Manual,51113,1st Owner,Petrol,UP-78,503000.0,2022-12-26,2014-01-01
298,Maruti New Wagon-R,1.0 LXI (O),Manual,38582,1st Owner,Petrol,HR-76,449000.0,2023-06-08,2019-01-01
299,Maruti CIAZ,ALPHA 1.5 SHVS PETROL,Manual,42142,2nd Owner,Petrol,HR-26,825000.0,2021-04-12,2018-01-01
300,Hyundai VENUE,1.4 CRDI MT SX,Manual,88117,1st Owner,Diesel,HR-29,845000.0,2021-05-12,2019-01-01
301,Maruti Baleno,DELTA PETROL 1.2,Manual,42192,1st Owner,Petrol,DL-9C,558000.0,2023-10-26,2017-01-01
302,Maruti CIAZ,DELTA 1.4 AT PETROL,Automatic,45176,1st Owner,Petrol,DL-9C,779000.0,2021-08-08,2017-01-01
303,KIA SONET,HTK+ 1.5D MT,Manual,27698,1st Owner,Diesel,UP-32,1034000.0,2023-04-04,2021-01-01
304,Maruti Celerio,VXI AMT,Automatic,65851,1st Owner,Petrol,DL-8C,394000.0,2024-04-19,2016-01-01
305,Tata NEXON,XZ+ OPT PETROL,Manual,22652,1st Owner,Petrol,HR-26,952000.0,2023-02-15,2020-01-01
306,Volkswagen Polo,HIGHLINE PLUS 1.5L DIESEL,Manual,36305,1st Owner,Diesel,HR-51,644000.0,2020-11-21,2018-01-01
307,Hyundai Grand i10,MAGNA 1.2 KAPPA VTVT,Manual,27213,2nd Owner,Petrol,DL-1C,475000.0,2022-11-23,2018-01-01
308,Hyundai NEW SANTRO,SPORTZ CNG,Manual,66932,1st Owner,CNG,DL-8C,469000.0,2024-10-28,2018-01-01
309,Maruti BALENO,DELTA PETROL 1.2,Manual,23526,1st Owner,Petrol,DL-8C,563000.0,2021-04-18,2017-01-01
310,Honda City,V MT PETROL,Manual,67367,1st Owner,Petrol,DL-4C,636000.0,2023-12-12,2015-01-01
311,Hyundai Elite i20,SPORTZ 1.2,Manual,52575,1st Owner,Petrol,UP-16,631000.0,2019-07-07,2018-01-01
312,TOYOTA COROLLA ALTIS,G AT,Automatic,75836,1st Owner,Petrol,DL-10,1139000.0,2018-02-02,2017-01-01
313,Mahindra Thar,CRDE 4X4 BS IV,Manual,21244,1st Owner,Diesel,DL-10,882000.0,2024-01-20,2018-01-01
314,HYUNDAI ELITE I20,SPORTZ 1.2 (O),Manual,20466,1st Owner,Petrol,DL-1C,604000.0,2023-12-18,2015-01-01
315,Maruti Celerio,LXI,Manual,8977,1st Owner,Petrol,DL-8C,526000.0,2021-06-08,2022-01-01
316,Skoda Rapid,STYLE 1.0TSI MT,Manual,13030,1st Owner,Petrol,UP-78,1210000.0,2018-01-27,2021-01-01
317,Maruti IGNIS,ZETA 1.2,Manual,9558,1st Owner,Petrol,DL-5C,632000.0,2021-08-20,2021-01-01
318,Maruti Ciaz,ZXI,Manual,23364,1st Owner,Petrol,DL-5C,611000.0,2019-04-05,2015-01-01
319,Tata Safari,XZA PLUS GOLD,Automatic,20424,1st Owner,Diesel,UP-16,2186000.0,2022-06-27,2022-01-01
320,Maruti S Cross,SIGMA 1.5 SHVS,Manual,17916,1st Owner,Petrol,UP-85,880000.0,2019-06-11,2021-01-01
321,Hyundai Grand i10,SPORTZ (O) AT 1.2 KAPPA VTVT,Automatic,22284,1st Owner,Petrol,DL-4C,558000.0,2023-12-28,2017-01-01
322,Tata Tiago,XZ 1.2 REVOTRON,Manual,38715,1st Owner,Petrol,UP-16,503000.0,2023-02-09,2019-01-01
323,HONDA AMAZE,1.2 SMT I VTEC,Manual,70134,1st Owner,Petrol,DL-4C,367000.0,2022-07-01,2014-01-01
324,Hyundai i20 Active,1.2 S,Manual,37975,2nd Owner,Petrol,DL-8C,541000.0,2020-08-17,2015-01-01
325,Maruti BALENO,DELTA PETROL 1.2,Manual,89081,1st Owner,CNG,HR-12,559000.0,2022-04-03,2017-01-01
326,Maruti Ciaz,ZXI,Manual,79832,1st Owner,Petrol,HR-26,565000.0,2020-11-21,2014-01-01
327,Maruti Vitara Brezza,ZDI PLUS AMT,Automatic,89151,1st Owner,Diesel,UP-16,837000.0,2023-05-18,2018-01-01
328,Maruti Swift,VXI,Manual,52784,1st Owner,Petrol,DL-2C,308000.0,2018-06-11,2012-01-01
329,Maruti Baleno,ZETA PETROL 1.2,Manual,14813,1st Owner,Petrol,UP-16,715000.0,2022-09-12,2020-01-01
330,Maruti Swift,LXI,Manual,66583,1st Owner,Petrol,DL-8C,542000.0,2022-07-29,2020-01-01
331,HYUNDAI XCENT,S 1.2,Manual,50990,2nd Owner,Petrol,HR-26,427000.0,2025-03-18,2015-01-01
332,Maruti Baleno,DELTA PETROL 1.2,Manual,15569,1st Owner,Petrol,DL-2C,597000.0,2021-09-26,2018-01-01
333,Hyundai Grand i10,SPORTZ 1.2 KAPPA VTVT,Manual,77808,1st Owner,Petrol,UP-14,346000.0,2021-08-08,2014-01-01
334,Maruti Celerio,VXI CNG,Manual,81143,1st Owner,CNG,DL-9C,462000.0,2018-11-01,2018-01-01
335,Hyundai Elite i20,1.2 SPORTS PLUS VTVT,Manual,30152,2nd Owner,Petrol,HR-26,662000.0,2022-08-09,2019-01-01
336,Maruti BALENO,ZETA PETROL 1.2,Manual,0,1st Owner,Petrol,DL-8C,760000.0,2021-12-22,2019-01-01
337,Hyundai Grand i10,MAGNA 1.2 VTVT,Manual,15736,1st Owner,Petrol,DL-10,478000.0,2018-10-16,2018-01-01
338,Maruti Baleno,DELTA PETROL 1.2,Manual,74161,2nd Owner,CNG,HR-34,596000.0,2020-08-20,2019-01-01
339,Honda Jazz,1.2 S AT,Automatic,68766,1st Owner,Petrol,DL-4C,515000.0,2023-09-29,2016-01-01
340,Maruti Ciaz,DELTA 1.4 VVT,Manual,66931,1st Owner,Petrol,DL-7C,660000.0,2020-12-18,2017-01-01
341,Hyundai NEW SANTRO,SPORTZ 1.1,Manual,29826,2nd Owner,Petrol,HR-26,437000.0,2022-02-10,2019-01-01
342,Toyota COROLLA ALTIS,1.8 G,Manual,66466,2nd Owner,Petrol,DL-12,408000.0,2020-04-16,2011-01-01
343,HYUNDAI ELITE I20,ASTA 1.2 (O),Manual,72417,2nd Owner,Petrol,DL-12,541000.0,2024-09-15,2015-01-01
344,Maruti Swift,ZXI,Manual,42705,1st Owner,Petrol,DL-3C,628000.0,2018-04-22,2018-01-01
345,Maruti SWIFT,LXI,Manual,70182,1st Owner,Petrol,DL-12,545000.0,2022-05-08,2019-01-01
346,Tata TIGOR,XZ PETROL,Manual,39895,1st Owner,Petrol,DL-7C,646000.0,2018-04-10,2021-01-01
347,Maruti New Wagon-R,LXI CNG (O) 1.0,Manual,12121,1st Owner,CNG,HR-26,582000.0,2024-04-14,2021-01-01
348,Maruti Vitara Brezza,ZDI PLUS DUAL TONE,Manual,68208,1st Owner,Diesel,HR-26,879000.0,2019-06-09,2019-01-01
349,Maruti IGNIS,DELTA 1.2 K12,Manual,92670,1st Owner,Petrol,DL-2C,426000.0,2024-07-01,2018-01-01
350,Maruti New Wagon-R,VXI 1.0,Manual,3741,1st Owner,Petrol,HR-51,612000.0,2019-06-01,2022-01-01
351,Renault Kwid,RXL,Manual,19729,1st Owner,Petrol,DL-8C,373000.0,2021-12-28,2019-01-01
352,Mahindra XUV500,W11,Manual,32204,1st Owner,Diesel,DL-1C,1375000.0,2021-07-12,2019-01-01
353,Hyundai Elite i20,MAGNA 1.2,Manual,38043,1st Owner,Petrol,DL-7C,523000.0,2024-04-06,2016-01-01
354,Maruti Swift,VXI,Manual,78540,1st Owner,Petrol,DL-9C,453000.0,2022-09-17,2015-01-01
355,Maruti S CROSS,ZETA 1.3,Manual,37911,1st Owner,Diesel,DL-8C,662000.0,2024-08-06,2017-01-01
356,Maruti CELERIO X,ZXI,Manual,48335,1st Owner,Petrol,DL-9C,429000.0,2022-11-13,2018-01-01
357,Maruti SWIFT,LXI (O),Manual,43904,2nd Owner,Petrol,DL-12,446000.0,2023-10-14,2017-01-01
358,Maruti Celerio,VXI CNG,Manual,81406,1st Owner,CNG,DL-9C,473000.0,2021-09-17,2018-01-01
359,Hyundai Creta,1.4 E PLUS CRDI,Manual,98513,1st Owner,Diesel,HR-36,782000.0,2021-03-03,2017-01-01
360,Honda Amaze,1.5 SMT I DTEC,Manual,82187,1st Owner,Diesel,DL-10,564000.0,2020-06-15,2018-01-01
361,Mahindra XUV500,W11 (O),Manual,23017,1st Owner,Diesel,DL-12,1503000.0,2021-06-15,2019-01-01
362,HYUNDAI ELITE I20,ASTA 1.2,Manual,24418,1st Owner,Petrol,DL-8C,654000.0,2018-03-27,2017-01-01
363,Maruti Baleno,DELTA PETROL 1.2,Manual,28131,2nd Owner,Petrol,DL-1C,538000.0,2024-10-11,2016-01-01
365,Honda Amaze,1.2L I-VTEC E,Manual,13328,1st Owner,Petrol,HR-26,672000.0,2018-01-24,2020-01-01
366,Hyundai Verna,1.6 CRDI SX,Manual,37640,1st Owner,Diesel,HR-51,1052000.0,2018-10-19,2019-01-01
367,HYUNDAI CRETA,E PLUS 1.4 DIESEL,Manual,93155,2nd Owner,Diesel,UP-16,852000.0,2018-09-20,2018-01-01
368,Maruti Swift Dzire,ZXI,Manual,70706,1st Owner,Petrol,DL-2C,442000.0,2023-05-11,2014-01-01
369,Maruti Baleno,ZETA PETROL 1.2,Manual,29157,1st Owner,Petrol,DL-9C,568000.0,2018-08-26,2017-01-01
370,Toyota Innova Crysta,2.4 VX 7 STR,Manual,72147,1st Owner,Diesel,HR-36,1444000.0,2025-05-09,2016-01-01
371,HONDA WR-V,1.5 i-DTEC S MT,Manual,61469,1st Owner,Diesel,HR-26,612000.0,2018-06-16,2017-01-01
372,Renault Kiger, RXT (O) AMT 1.0 DUAL TONE,Automatic,6642,1st Owner,Petrol,UP-14,842000.0,2024-03-25,2022-01-01
373,Skoda Rapid,1.0 AMBITION TSI AT,Automatic,10713,1st Owner,Petrol,DL-10,1051000.0,2018-01-21,2020-01-01
374,Maruti Baleno,DELTA PETROL 1.2,Manual,61195,2nd Owner,Petrol,UP-14,579000.0,2023-08-10,2019-01-01
375,Maruti Swift,LXI,Manual,2297,2nd Owner,Petrol,DL-14,582000.0,2020-02-16,2020-01-01
376,Maruti Vitara Brezza,ZDI,Manual,40587,2nd Owner,Diesel,DL-3C,719000.0,2019-10-23,2018-01-01
377,KIA SELTOS,HTK PLUS 1.5 DIESEL,Manual,84335,1st Owner,Diesel,DL-12,1248000.0,2024-07-22,2020-01-01
378,Ford Ecosport,1.5TITANIUM TDCI,Manual,45730,1st Owner,Diesel,DL-12,758000.0,2019-02-24,2018-01-01
379,Honda Amaze,1.2 V CVT I VTEC,Automatic,21826,1st Owner,Petrol,DL-4C,833000.0,2024-02-01,2021-01-01
380,HYUNDAI TUCSON NEW,GLS 4WD AT DIESEL,Automatic,25149,1st Owner,Diesel,UP-16,1846000.0,2020-10-04,2018-01-01
381,HONDA CITY,VX CVT PETROL,Automatic,75891,1st Owner,Petrol,UP-32,898000.0,2025-01-19,2018-01-01
382,Honda Amaze,1.2L I-VTEC S,Manual,47657,1st Owner,Petrol,DL-3C,635000.0,2018-01-31,2020-01-01
383,HYUNDAI CRETA,SX AT 1.6 DIESEL,Automatic,80459,1st Owner,Diesel,UP-14,1274000.0,2024-11-21,2019-01-01
384,Honda City,V MT PETROL,Manual,19216,1st Owner,Petrol,UP-16,960000.0,2024-02-27,2021-01-01
385,Hyundai Creta,1.6 SX VTVT (O) EXECUTIVE,Manual,81872,1st Owner,Petrol,DL-12,1160000.0,2021-09-21,2019-01-01
386,Hyundai Elite i20,1.2 SPORTS PLUS VTVT,Manual,38241,1st Owner,Petrol,DL-1C,770000.0,2018-10-10,2020-01-01
387,Hyundai Grand i10,ASTA AT 1.2 KAPPA VTVT,Automatic,75171,1st Owner,Petrol,DL-2C,423000.0,2019-03-29,2015-01-01
388,Hyundai NEW SANTRO,MAGNA CNG,Manual,19016,2nd Owner,CNG,DL-1C,505000.0,2020-11-23,2020-01-01
389,Honda City,V MT PETROL,Manual,49089,1st Owner,Petrol,DL-10,829000.0,2018-07-13,2018-01-01
390,Hyundai Grand i10,SPORTZ (O) 1.2 AT VTVT,Automatic,30210,1st Owner,Petrol,DL-8C,576000.0,2019-11-09,2017-01-01
391,HONDA CITY,SV MT PETROL,Manual,60378,1st Owner,Petrol,UP-32,521000.0,2024-02-28,2014-01-01
392,Maruti VITARA BREZZA,ZDI + AMT,Automatic,41271,1st Owner,Diesel,DL-2C,848000.0,2019-08-31,2018-01-01
393,Hyundai VENUE,S 1.0 TURBO IMT,Manual,23036,1st Owner,Petrol,DL-10,1033000.0,2020-10-26,2021-01-01
394,HYUNDAI NEW SANTRO,SPORTZ 1.1,Manual,10632,1st Owner,Petrol,DL-12,481000.0,2018-05-26,2019-01-01
395,Ford Ecosport,1.5 TREND TI VCT,Manual,20728,2nd Owner,CNG,HR-29,755000.0,2025-05-04,2019-01-01
396,TOYOTA YARIS,J MT,Manual,8465,1st Owner,Petrol,DL-10,988000.0,2018-03-23,2021-01-01
397,Maruti Baleno,DELTA PETROL 1.2,Manual,44141,1st Owner,Petrol,DL-8C,668000.0,2021-06-03,2021-01-01
398,HYUNDAI GRAND I10,MAGNA 1.2 KAPPA VTVT,Manual,35810,2nd Owner,CNG,HR-26,457000.0,2025-02-07,2017-01-01
399,Hyundai Elite i20,ASTA 1.2,Manual,32296,1st Owner,Petrol,DL-2C,596000.0,2018-09-16,2016-01-01
400,Hyundai NEW I20,MAGNA 1.5 MT,Manual,11726,1st Owner,Diesel,HR-98,829000.0,2022-11-28,2021-01-01
401,Maruti Wagon R 1.0,LXI,Manual,23760,1st Owner,Petrol,DL-2C,324000.0,2022-10-14,2014-01-01
402,Maruti CIAZ,DELTA 1.4 MT PETROL,Manual,83946,2nd Owner,Petrol,HR-26,626000.0,2018-12-12,2017-01-01
403,KIA SELTOS,HTK PLUS AT 1.5 DIESEL,Automatic,49488,1st Owner,Diesel,HR-26,1377000.0,2018-02-23,2020-01-01
404,Maruti CIAZ,ALPHA 1.5 SHVS PETROL,Manual,55980,2nd Owner,Petrol,DL-12,875000.0,2022-04-07,2018-01-01
405,HONDA CITY,SV MT PETROL,Manual,47670,2nd Owner,Petrol,DL-4C,615000.0,2019-07-08,2015-01-01
406,Maruti Swift,LXI,Manual,55080,1st Owner,Petrol,DL-2C,432000.0,2025-05-05,2015-01-01
407,Maruti Dzire,VXI AMT,Automatic,70510,2nd Owner,Petrol,HR-51,692000.0,2024-03-30,2020-01-01
408,Hyundai VENUE,SX PLUS 1.0 TURBO DCT,Automatic,18194,1st Owner,Petrol,DL-5C,1124000.0,2020-08-26,2020-01-01
409,Maruti Baleno,DELTA PETROL 1.2,Manual,24674,2nd Owner,Petrol,DL-6C,601000.0,2019-03-26,2018-01-01
410,Maruti CIAZ,SIGMA 1.4 VVT,Manual,69680,1st Owner,Petrol,HR-26,611000.0,2024-03-09,2017-01-01
411,Maruti Swift,VXI,Manual,55483,1st Owner,Petrol,DL-1C,548000.0,2022-08-07,2018-01-01
412,Hyundai Grand i10,MAGNA 1.2 KAPPA VTVT,Manual,85759,2nd Owner,CNG,HR-51,472000.0,2024-04-27,2018-01-01
413,Maruti Vitara Brezza,ZDI PLUS DUAL TONE,Manual,48535,1st Owner,Diesel,DL-12,763000.0,2023-04-14,2018-01-01
414,KIA SELTOS,GTX + AT PETROL,Automatic,28506,1st Owner,Petrol,HR-26,1633000.0,2018-05-04,2020-01-01
415,Honda Amaze,1.2 SX MT I VTEC,Manual,55379,1st Owner,Petrol,DL-3C,423000.0,2021-11-08,2014-01-01
416,Maruti Baleno,ALPHA PETROL 1.2,Manual,22244,1st Owner,Petrol,DL-6C,778000.0,2020-01-11,2020-01-01
417,Honda Amaze,VX AT I DTEC,Automatic,69222,2nd Owner,Diesel,HR-26,740000.0,2018-11-19,2019-01-01
418,HONDA BRIO,1.2 S MT I VTEC,Manual,43956,1st Owner,Petrol,DL-2C,313000.0,2025-05-05,2013-01-01
419,Honda City,1.5L I-VTEC VX CVT,Automatic,34851,1st Owner,Petrol,UP-78,703600.0,2018-10-05,2015-01-01
420,Maruti Baleno,ZETA PETROL 1.2,Manual,8924,1st Owner,Petrol,UP-14,671000.0,2019-05-08,2019-01-01
421,Maruti New Wagon-R,LXI CNG 1.0 L,Manual,23040,1st Owner,CNG,DL-11,568000.0,2019-01-18,2020-01-01
422,HYUNDAI AURA,S 1.2 CNG,Manual,41871,1st Owner,CNG,DL-12,741000.0,2025-05-16,2020-01-01
423,Toyota YARIS,J CVT,Automatic,15778,1st Owner,Petrol,HR-98,1046000.0,2019-02-02,2021-01-01
424,NISSAN MAGNITE,XL Turbo CVT,Automatic,21967,1st Owner,Petrol,DL-8C,886000.0,2020-09-13,2021-01-01
425,Maruti Vitara Brezza,ZDI PLUS,Manual,7749,1st Owner,Diesel,DL-9C,893000.0,2021-08-01,2018-01-01
426,TOYOTA COROLLA ALTIS,GL,Manual,45060,2nd Owner,Petrol,DL-10,1153000.0,2023-11-16,2017-01-01
427,Hyundai Grand i10,SPORTZ (O) 1.2 KAPPA VTVT,Manual,37646,1st Owner,Petrol,DL-4C,510000.0,2020-12-13,2017-01-01
428,HONDA JAZZ,1.2L I-VTEC VX,Manual,80224,1st Owner,Petrol,DL-3C,470000.0,2023-07-04,2015-01-01
429,Hyundai Grand i10,SPORTZ (O) AT 1.2 KAPPA VTVT,Automatic,56054,1st Owner,Petrol,DL-10,579000.0,2022-08-24,2018-01-01
430,Maruti Swift,ZXI AMT,Automatic,37338,1st Owner,Petrol,DL-8C,671000.0,2018-09-21,2018-01-01
431,Tata NEXON,XZ+ 1.5,Manual,10422,1st Owner,Diesel,HR-26,1189000.0,2023-04-13,2021-01-01
432,Maruti New Wagon-R,LXI CNG 1.0 L,Manual,14396,1st Owner,CNG,DL-8C,589000.0,2020-07-17,2021-01-01
433,Maruti Vitara Brezza,VDI,Manual,49317,1st Owner,Diesel,DL-6C,727000.0,2023-10-28,2018-01-01
434,Hyundai Grand i10,ASTA 1.2 (O) VTVT,Manual,25073,1st Owner,Petrol,DL-3C,468000.0,2022-07-26,2016-01-01
435,KIA SELTOS,GTX + AT PETROL,Automatic,18651,1st Owner,Petrol,DL-14,1646000.0,2018-05-30,2020-01-01
436,HYUNDAI CRETA,1.6 SX (O) CRDI,Manual,60805,2nd Owner,Diesel,UP-16,928000.0,2019-02-14,2018-01-01
437,Maruti Vitara Brezza,VDI OPT,Manual,34238,1st Owner,Diesel,DL-1C,750000.0,2020-05-26,2018-01-01
438,Maruti CIAZ,Alpha 1.5 Diesel,Manual,60812,2nd Owner,Diesel,DL-3C,985000.0,2020-04-16,2019-01-01
439,Maruti Alto,LXI CNG,Manual,41807,1st Owner,CNG,DL-3C,383000.0,2023-08-24,2019-01-01
440,Maruti Baleno,DELTA PETROL 1.2,Manual,19875,1st Owner,Petrol,DL-8C,716000.0,2019-04-07,2021-01-01
441,Hyundai Creta,1.6 CRDI SX PLUS AUTO,Automatic,60316,1st Owner,Diesel,DL-8C,1192000.0,2022-08-15,2018-01-01
442,Mahindra Thar,LX PETROL HT 4WD AT,Automatic,12949,1st Owner,Petrol,UP-16,1503000.0,2019-01-27,2021-01-01
443,Maruti Baleno,DELTA PETROL 1.2,Manual,55725,1st Owner,Petrol,DL-9C,506000.0,2022-09-06,2017-01-01
444,Ford Ecosport,1.5TITANIUM TDCI,Manual,51665,1st Owner,Diesel,HR-34,658000.0,2018-01-12,2017-01-01
445,HONDA AMAZE,1.2 SX MT I VTEC,Manual,29081,1st Owner,Petrol,DL-2C,521000.0,2025-04-10,2016-01-01
446,Hyundai Creta,1.6 S,Manual,78700,1st Owner,Petrol,DL-8C,800000.0,2023-12-03,2016-01-01
447,Maruti Baleno,ZETA CVT PETROL 1.2,Automatic,32334,1st Owner,Petrol,UP-14,573000.0,2022-10-12,2016-01-01
448,HYUNDAI I20,MAGNA (O) 1.2,Manual,72982,1st Owner,Petrol,HR-29,283000.0,2025-02-02,2011-01-01
449,Tata Tiago,XZA 1.2 REVOTRON,Automatic,27451,2nd Owner,Petrol,HR-26,535000.0,2018-11-30,2018-01-01
450,Honda City,V MT PETROL,Manual,32812,1st Owner,Petrol,HR-26,832000.0,2022-01-02,2018-01-01
451,Hyundai Creta,1.6 SX VTVT,Manual,21153,1st Owner,Petrol,UP-16,1149000.0,2022-08-07,2019-01-01
452,Maruti VITARA BREZZA,ZXI PLUS,Manual,10684,1st Owner,Petrol,HR-29,966000.0,2019-08-18,2020-01-01
453,Honda Amaze,1.2 SX MT I VTEC,Manual,26535,1st Owner,Petrol,DL-8C,515000.0,2024-02-08,2016-01-01
454,Maruti S Cross,ZETA 1.5,Manual,16158,1st Owner,Petrol,UP-32,942000.0,2018-11-08,2021-01-01
455,Maruti Ciaz,ALPHA 1.5 MT VTVT SHVS,Manual,18699,1st Owner,Petrol,HR-23,956000.0,2023-04-09,2020-01-01
456,Maruti Baleno,DELTA PETROL 1.2,Manual,57559,1st Owner,Petrol,DL-8C,550000.0,2022-01-14,2017-01-01
457,Maruti Baleno,DELTA PETROL 1.2,Manual,28991,1st Owner,Petrol,DL-2C,627000.0,2023-06-13,2019-01-01
458,Maruti Alto,LXI CNG,Manual,27451,1st Owner,CNG,DL-6C,456000.0,2024-02-20,2021-01-01
459,Maruti Baleno,DELTA PETROL 1.2,Manual,51415,1st Owner,Petrol,DL-8C,522000.0,2018-04-25,2016-01-01
460,Hyundai Elite i20,MAGNA EXECUTIVE 1.2,Manual,62148,2nd Owner,Petrol,DL-4C,514000.0,2018-05-29,2017-01-01
461,HONDA WR-V,1.5L I-DTEC VX MT,Manual,8125,1st Owner,Diesel,HR-51,1022700.0,2019-06-30,2021-01-01
462,Hyundai Elite i20,MAGNA 1.2,Manual,30873,1st Owner,Petrol,DL-9C,522000.0,2023-01-10,2016-01-01
463,Maruti IGNIS,DELTA 1.2,Manual,27641,1st Owner,Petrol,HR-26,505000.0,2024-01-06,2019-01-01
464,Maruti Dzire,VDI,Manual,68644,2nd Owner,Diesel,HR-26,602000.0,2023-04-17,2018-01-01
465,HYUNDAI ELITE I20,ASTA 1.2 (O),Manual,84534,2nd Owner,Petrol,UP-14,587000.0,2022-04-01,2016-01-01
466,Toyota INNOVA CRYSTA,2.8 ZX AT 7 STR,Automatic,49585,1st Owner,Diesel,HR-29,2015000.0,2022-05-10,2019-01-01
467,Honda Brio,1.2 EX MT I VTEC,Manual,65641,1st Owner,Petrol,HR-26,310000.0,2021-03-13,2013-01-01
468,HONDA WR-V,1.2 i-VTEC VX MT,Manual,38273,2nd Owner,Petrol,UP-85,723000.0,2022-10-08,2019-01-01
469,HYUNDAI VENUE,SX 1.0 TURBO,Manual,37597,2nd Owner,Petrol,DL-2C,892000.0,2019-06-28,2019-01-01
470,Toyota YARIS,G MT,Manual,72618,1st Owner,Petrol,HR-36,800000.0,2024-07-02,2020-01-01
471,Maruti Baleno,DELTA PETROL 1.2,Manual,39961,1st Owner,Petrol,HR-51,557000.0,2019-08-02,2017-01-01
472,Mahindra MARAZZO,M6 8 STR,Manual,35590,1st Owner,Diesel,HR-26,1065000.0,2021-11-28,2019-01-01
473,Honda Amaze,1.2 SMT I VTEC,Manual,49648,1st Owner,Petrol,UP-14,597000.0,2023-02-14,2019-01-01
474,Maruti Baleno,ALPHA PETROL 1.2,Manual,10869,1st Owner,Petrol,HR-26,772000.0,2024-04-18,2020-01-01
475,Ford Ecosport,1.5 TITANIUM TI VCT,Manual,23356,2nd Owner,Petrol,HR-26,787000.0,2024-03-06,2019-01-01
476,Maruti Baleno,ZETA PETROL 1.2,Manual,24713,1st Owner,Petrol,DL-7C,739000.0,2018-05-05,2019-01-01
477,Honda City,S MT PETROL,Manual,96271,1st Owner,Petrol,DL-3C,437000.0,2024-08-04,2013-01-01
478,Hyundai Creta,SX MT,Manual,55985,1st Owner,Diesel,HR-30,1502000.0,2023-06-29,2020-01-01
479,HYUNDAI GRAND I10,ASTA 1.2 KAPPA VTVT,Manual,82117,2nd Owner,Petrol,DL-1C,428000.0,2023-12-05,2015-01-01
480,Maruti Vitara Brezza,ZDI AMT,Automatic,74766,1st Owner,Diesel,DL-3C,922000.0,2018-05-07,2019-01-01
481,Maruti CIAZ,SHVS VDI,Manual,60895,1st Owner,Diesel,HR-51,594000.0,2023-05-16,2017-01-01
482,Hyundai TUCSON NEW,GLS 2WD AT PETROL,Automatic,74977,2nd Owner,Petrol,DL-4C,1321000.0,2019-07-28,2016-01-01
483,HYUNDAI ELITE I20,SPORTZ 1.2,Manual,84176,1st Owner,Petrol,DL-3C,516000.0,2018-05-06,2015-01-01
484,Honda WR-V,1.2L I-VTEC VX MT,Manual,41825,1st Owner,Petrol,HR-26,804000.0,2021-01-19,2018-01-01
485,Maruti Baleno,ALPHA CVT PETROL 1.2,Automatic,66714,1st Owner,Petrol,HR-70,730000.0,2022-02-19,2019-01-01
486,Maruti S PRESSO,VXI,Manual,1,1st Owner,Petrol,HR-26,404000.0,2024-02-20,2020-01-01
487,Maruti CIAZ,ZETA 1.5 SHVS VVT MT,Manual,54326,1st Owner,Petrol,UP-16,892000.0,2019-08-26,2021-01-01
488,Maruti Vitara Brezza,ZDI PLUS,Manual,64938,1st Owner,Diesel,DL-9C,814000.0,2023-09-30,2018-01-01
489,Renault TRIBER,1.0 RXZ,Manual,11325,1st Owner,Petrol,DL-12,800000.0,2024-04-26,2022-01-01
490,Hyundai Creta,SX AT 1.6 DIESEL,Automatic,57263,1st Owner,Diesel,UP-16,1130000.0,2023-03-05,2018-01-01
491,Maruti Swift,VXI,Manual,12255,1st Owner,Petrol,DL-3C,482000.0,2022-12-20,2015-01-01
492,Maruti Baleno,DELTA PETROL 1.2,Manual,43381,1st Owner,Petrol,DL-8C,566000.0,2021-02-05,2017-01-01
493,Mahindra Thar,LX HT PETROL 4WD MT,Manual,8170,1st Owner,Petrol,HR-51,1494000.0,2023-03-31,2021-01-01
494,Maruti ALTO,LXI,Manual,48622,2nd Owner,Petrol,HR-26,153000.0,2021-03-23,2010-01-01
495,Maruti SWIFT,VXI,Manual,79356,1st Owner,Petrol,UP-85,461000.0,2020-12-11,2015-01-01
496,Maruti VITARA BREZZA,ZDI PLUS,Manual,41612,1st Owner,Diesel,DL-12,815000.0,2018-07-01,2019-01-01
498,Maruti Swift,LXI,Manual,49661,1st Owner,Petrol,DL-5C,553000.0,2020-07-18,2019-01-01
499,Maruti Vitara Brezza,ZDI PLUS,Manual,91454,1st Owner,Diesel,DL-1C,783000.0,2023-04-13,2018-01-01
500,Maruti Swift,LXI,Manual,1994,2nd Owner,Petrol,HR-51,559000.0,2018-09-11,2019-01-01
501,HYUNDAI CRETA,1.6 CRDI SX PLUS AUTO,Automatic,80448,1st Owner,Diesel,HR-26,1238000.0,2024-02-13,2018-01-01
502,Maruti Celerio,VXI CNG,Manual,84583,1st Owner,CNG,DL-9C,519000.0,2024-03-20,2020-01-01
503,Maruti Vitara Brezza,ZDI AMT,Automatic,40155,1st Owner,Diesel,DL-9C,927000.0,2023-03-22,2019-01-01
504,Honda Amaze,1.2L I-VTEC S,Manual,8183,1st Owner,Petrol,UP-16,737000.0,2024-07-20,2021-01-01
505,Maruti Dzire,ZDI PLUS AMT,Automatic,78332,1st Owner,Diesel,DL-1C,658000.0,2019-05-26,2018-01-01
506,Maruti Swift,VXI,Manual,11716,1st Owner,Petrol,UP-14,411000.0,2022-12-11,2014-01-01
507,TATA ALTROZ,XZ PETROL,Manual,17780,1st Owner,Petrol,DL-9C,731000.0,2023-11-17,2020-01-01
508,Maruti New Wagon-R,LXI CNG (O) 1.0,Manual,36429,1st Owner,CNG,HR-76,601000.0,2023-03-05,2022-01-01
509,HONDA JAZZ,1.2L I-VTEC V AT,Automatic,25163,1st Owner,Petrol,HR-26,654000.0,2022-06-19,2017-01-01
510,Honda Amaze,1.2 V CVT I VTEC,Automatic,40271,1st Owner,Petrol,HR-26,719000.0,2024-10-10,2019-01-01
511,Maruti Vitara Brezza,VDI,Manual,28244,1st Owner,Diesel,DL-3C,810000.0,2020-04-06,2019-01-01
512,TATA NEXON,XMA PETROL,Automatic,21958,1st Owner,Petrol,DL-2C,840000.0,2019-09-25,2019-01-01
513,Maruti Wagon R 1.0,VXI+ AMT,Automatic,37432,2nd Owner,Petrol,DL-9C,438000.0,2022-11-06,2017-01-01
514,Maruti VITARA BREZZA,ZDI PLUS AMT,Automatic,48600,1st Owner,Diesel,DL-6C,862000.0,2020-06-28,2018-01-01
515,Honda WR-V,1.2 i-VTEC VX MT,Manual,15224,1st Owner,Petrol,UP-85,908000.0,2019-03-15,2021-01-01
516,Maruti Swift,ZXI PLUS AMT DUAL TONE,Automatic,11545,2nd Owner,Petrol,DL-12,858000.0,2020-01-16,2021-01-01
518,Maruti CIAZ,ALPHA 1.5 SHVS PETROL,Manual,15387,1st Owner,Petrol,DL-6C,915000.0,2019-02-28,2018-01-01
519,Maruti Vitara Brezza,ZDI,Manual,45655,1st Owner,Diesel,DL-8C,801000.0,2024-12-18,2018-01-01
521,Maruti Baleno,DELTA CVT PETROL 1.2,Automatic,55821,1st Owner,Petrol,UP-14,539000.0,2022-03-25,2016-01-01
522,TATA TIAGO,XE 1.2 REVOTRON,Manual,19811,1st Owner,Petrol,HR-51,579000.0,2023-10-28,2021-01-01
523,Hyundai Grand i10,MAGNA 1.2 KAPPA VTVT,Manual,63706,1st Owner,Petrol,DL-8C,382000.0,2022-06-07,2015-01-01
524,MAHINDRA XUV 3OO,W6 1.5 DIESEL,Manual,31287,1st Owner,Diesel,HR-51,874000.0,2025-02-21,2019-01-01
525,Maruti Swift,LXI (O),Manual,49414,2nd Owner,Petrol,DL-1C,430000.0,2024-09-12,2016-01-01
526,Tata NEXON,XZ+ OPT PETROL,Manual,12392,1st Owner,Petrol,HR-98,1046650.0,2019-09-03,2021-01-01
527,Mahindra Thar,LX D 4*4 MT HT,Manual,11271,1st Owner,Diesel,HR-26,1623000.0,2019-10-06,2021-01-01
528,Maruti Celerio,ZXI PLUS AGS,Automatic,1473,1st Owner,Petrol,DL-12,669000.0,2020-10-29,2021-01-01
529,Maruti BALENO,ALPHA PETROL 1.2,Manual,10393,1st Owner,Petrol,DL-9C,777000.0,2019-09-02,2020-01-01
530,Maruti SWIFT,VXI,Manual,84447,1st Owner,Petrol,DL-8C,412000.0,2018-05-28,2014-01-01
531,Maruti Dzire,VXI,Manual,44546,1st Owner,Petrol,DL-5C,683000.0,2020-12-02,2019-01-01
532,Honda City,V MT PETROL,Manual,39749,1st Owner,Petrol,HR-26,753000.0,2020-11-15,2017-01-01
533,Maruti Vitara Brezza,VDI,Manual,58894,1st Owner,Diesel,DL-3C,777000.0,2021-01-04,2019-01-01
534,HYUNDAI XCENT PRIME,	T+ CNG,Manual,13444,1st Owner,CNG,DL-11,704000.0,2022-10-22,2022-01-01
535,HONDA CITY,VX MT PETROL,Manual,7802,1st Owner,Petrol,HR-26,1152000.0,2020-07-27,2020-01-01
536,Maruti Baleno,ZETA PETROL 1.2,Manual,22982,2nd Owner,Petrol,DL-5C,686000.0,2022-06-02,2020-01-01
537,Maruti WAGON R 1.0,VXI,Manual,78930,1st Owner,Petrol,DL-8C,223000.0,2022-09-29,2011-01-01
538,HONDA CITY,S MT PETROL,Manual,45073,1st Owner,Petrol,HR-26,427000.0,2019-01-21,2012-01-01
539,Maruti Vitara Brezza,ZDI PLUS AMT,Automatic,57643,1st Owner,Diesel,DL-12,857000.0,2019-06-18,2018-01-01
540,Maruti Swift,LXI,Manual,21693,1st Owner,Petrol,DL-2C,560000.0,2023-07-03,2019-01-01
541,Maruti IGNIS,ALPHA 1.2 AMT,Automatic,52777,1st Owner,Petrol,UP-16,603000.0,2018-03-21,2018-01-01
542,Maruti Swift,VXI,Manual,8658,1st Owner,Petrol,DL-6C,345000.0,2018-09-02,2012-01-01
543,Maruti Dzire,ZXI CNG,Manual,6505,1st Owner,CNG,HR-29,946000.0,2022-08-18,2022-01-01
544,Maruti Baleno,DELTA PETROL 1.2,Manual,23735,1st Owner,Petrol,HR-35,626000.0,2019-06-15,2020-01-01
545,Hyundai Elite i20,1.2 SPORTS PLUS VTVT,Manual,28450,1st Owner,Petrol,UP-70,724000.0,2018-02-22,2019-01-01
546,Maruti Celerio,ZXI,Manual,49939,2nd Owner,Petrol,HR-26,379000.0,2020-09-08,2015-01-01
547,Maruti Baleno,DELTA PETROL 1.2,Manual,31853,1st Owner,Petrol,HR-12,669000.0,2024-10-30,2020-01-01
548,Maruti New Wagon-R,LXI CNG,Manual,23705,1st Owner,CNG,DL-2C,592000.0,2020-03-05,2020-01-01
549,Maruti Vitara Brezza,ZDI,Manual,48230,1st Owner,Diesel,DL-9C,797000.0,2024-09-22,2019-01-01
550,Maruti Swift,LXI,Manual,25394,1st Owner,Petrol,DL-2C,570000.0,2019-11-09,2019-01-01
551,RENAULT DUSTER,RXZ DIESEL 110,Manual,83253,1st Owner,Diesel,UP-14,740000.0,2020-12-17,2018-01-01
552,Maruti Vitara Brezza,ZXI,Manual,27073,1st Owner,Petrol,UP-78,938000.0,2024-01-18,2021-01-01
553,Renault TRIBER,RXZ MT DUAL TONE,Manual,6844,1st Owner,Petrol,HR-13,841000.0,2020-09-24,2022-01-01
554,Maruti VITARA BREZZA,ZDI AMT,Automatic,26727,1st Owner,Diesel,UP-32,927000.0,2022-01-31,2019-01-01
555,Maruti Baleno,ZETA PETROL 1.2,Manual,3723,1st Owner,Petrol,HR-26,756000.0,2021-10-24,2021-01-01
556,Maruti Vitara Brezza,ZDI AMT,Automatic,56107,1st Owner,Diesel,HR-26,806000.0,2024-06-26,2019-01-01
557,Renault Kiger,RXZ 1.0 Easy R Petrol,Automatic,8383,1st Owner,Petrol,DL-3C,850000.0,2022-07-04,2021-01-01
558,Maruti Vitara Brezza,ZDI,Manual,23595,2nd Owner,Diesel,UP-15,862000.0,2020-04-09,2019-01-01
559,Hyundai i20,SPORTZ 1.2 VTVT,Manual,65518,1st Owner,Petrol,UP-14,442000.0,2024-11-21,2014-01-01
560,Maruti Alto K10,VXI,Manual,39093,1st Owner,Petrol,DL-12,186000.0,2024-01-30,2011-01-01
561,Maruti New Wagon-R,1.0 Lxi (o) cng,Manual,11646,1st Owner,CNG,DL-14,608000.0,2023-08-01,2021-01-01
562,Maruti Swift,VXI,Manual,55674,1st Owner,Petrol,DL-9C,438000.0,2024-02-11,2015-01-01
563,Renault Duster,RXZ CVT 1.3 TURBO,Automatic,10831,1st Owner,Petrol,DL-7C,1370000.0,2021-07-12,2021-01-01
564,Maruti Vitara Brezza,VXI,Manual,53238,1st Owner,Petrol,UP-16,818000.0,2020-11-28,2020-01-01
565,Honda Amaze,1.2L I-VTEC VX CVT,Automatic,12379,1st Owner,Petrol,UP-14,1011000.0,2022-07-23,2022-01-01
566,Maruti Swift,LXI,Manual,16820,1st Owner,Petrol,DL-5C,566000.0,2021-03-06,2019-01-01
567,DATSUN REDI GO,1.0 S AT,Automatic,72230,2nd Owner,Petrol,HR-06,330000.0,2020-12-01,2018-01-01
568,Maruti Ciaz,ALPHA 1.4 VVT AMT,Automatic,60653,1st Owner,Petrol,DL-8C,878000.0,2023-07-18,2018-01-01
569,Maruti Baleno,DELTA PETROL 1.2,Manual,48397,2nd Owner,Petrol,DL-8C,607000.0,2018-06-24,2019-01-01
570,HONDA CITY,1.5L I-VTEC VX CVT,Automatic,32005,1st Owner,Petrol,DL-7C,1173000.0,2018-10-14,2020-01-01
571,TATA TIGOR,XZ PLUS 1.2 REVOTRON,Manual,7268,1st Owner,Petrol,UP-14,770000.0,2020-06-08,2021-01-01
572,Maruti BALENO,DELTA PETROL 1.2,Manual,32550,2nd Owner,Petrol,DL-10,552000.0,2024-02-09,2017-01-01
573,Honda City,VX MT PETROL,Manual,16320,1st Owner,Petrol,DL-9C,1092000.0,2018-04-02,2020-01-01
574,KIA SONET,GTX PLUS 1.5D  AT,Automatic,39565,1st Owner,Diesel,UP-16,1329000.0,2021-07-05,2021-01-01
575,HONDA CITY,1.5L I-VTEC ZX CVT,Automatic,36609,1st Owner,Petrol,HR-26,1125000.0,2018-10-11,2019-01-01
576,Tata Harrier,XZA PLUS,Automatic,7788,1st Owner,Diesel,HR-51,2096000.0,2022-10-19,2022-01-01
577,Maruti Baleno,ZETA PETROL 1.2,Manual,10401,1st Owner,Petrol,HR-29,764000.0,2023-12-12,2021-01-01
578,Maruti IGNIS,ALPHA 1.2 AMT,Automatic,10723,2nd Owner,Petrol,DL-8C,689000.0,2022-12-18,2020-01-01
579,Maruti BALENO,DELTA PETROL 1.2,Manual,16017,1st Owner,Petrol,UP-14,687000.0,2024-09-26,2021-01-01
580,Ford Ecosport,TREND 1.5L PETROL,Manual,58538,1st Owner,Petrol,UP-32,604000.0,2020-09-28,2017-01-01
582,HYUNDAI VENUE,SX 1.0 TURBO,Manual,40530,1st Owner,Petrol,DL-10,980000.0,2022-11-03,2019-01-01
583,Maruti ALTO,VXI,Manual,18344,1st Owner,Petrol,HR-49,347000.0,2022-05-01,2020-01-01
584,Honda Jazz,1.2 VX AT,Automatic,8652,2nd Owner,Petrol,HR-26,769000.0,2019-06-18,2019-01-01
585,Hyundai Grand i10,Magna 1.2 AT  VTVT,Automatic,42133,1st Owner,Petrol,DL-4C,527000.0,2021-05-13,2017-01-01
586,Honda City,1.5L I-VTEC ZX CVT,Automatic,9438,1st Owner,Petrol,HR-51,1531000.0,2023-01-29,2021-01-01
587,Maruti Vitara Brezza,VDI,Manual,28565,1st Owner,Diesel,HR-51,747000.0,2020-12-14,2018-01-01
588,Maruti Vitara Brezza,ZDI,Manual,48414,1st Owner,Diesel,UP-14,843000.0,2024-12-20,2019-01-01
589,Maruti Vitara Brezza,ZDI,Manual,91240,1st Owner,Diesel,UP-16,746000.0,2023-03-21,2018-01-01
590,Renault Kwid,RXL,Manual,9258,2nd Owner,Petrol,DL-3C,351000.0,2022-08-01,2019-01-01
591,Maruti Swift,VXI AMT,Automatic,29043,2nd Owner,Petrol,HR-26,581000.0,2018-12-27,2018-01-01
592,FORD ECOSPORT,AMBIENTE 1.5L DIESEL,Manual,24931,1st Owner,Diesel,DL-7C,708000.0,2023-09-19,2018-01-01
593,Hyundai NEW SANTRO,SPORTZ MT,Manual,60207,1st Owner,Petrol,UP-14,451000.0,2019-08-09,2019-01-01
594,HYUNDAI AURA,S 1.2 CNG,Manual,28942,2nd Owner,CNG,UP-14,748000.0,2019-12-10,2020-01-01
595,Maruti Vitara Brezza,VDI,Manual,29480,1st Owner,Diesel,DL-1C,809000.0,2023-03-28,2019-01-01
596,Renault Kwid,1.0 RXT Opt,Manual,25977,1st Owner,Petrol,HR-26,387000.0,2018-11-15,2019-01-01
597,Renault Kwid,CLIMBER 1.0 AT,Automatic,8786,1st Owner,Petrol,DL-12,601000.0,2022-01-16,2022-01-01
598,Maruti Dzire,ZXI Plus AMT,Automatic,20250,2nd Owner,Petrol,HR-26,796000.0,2021-01-21,2021-01-01
599,Renault Duster,RXS 106 PS MT,Manual,47944,1st Owner,Petrol,DL-7C,855000.0,2022-12-08,2019-01-01
600,Tata NEXON,XZA PLUS PETROL,Automatic,28345,1st Owner,CNG,UP-14,1005000.0,2020-12-20,2019-01-01
601,Mahindra Thar,LX  4WD AT CONVERTIBLE,Automatic,17524,1st Owner,Petrol,UP-11,1467000.0,2020-12-01,2021-01-01
602,Maruti Baleno,DELTA PETROL 1.2,Manual,57155,2nd Owner,Petrol,DL-1C,511000.0,2020-11-10,2016-01-01
603,Maruti Celerio,ZXI AMT,Automatic,45936,1st Owner,Petrol,DL-14,429000.0,2020-03-14,2016-01-01
604,TATA TIGOR,XMA PETROL,Automatic,9759,1st Owner,Petrol,DL-11,709000.0,2023-03-08,2021-01-01
605,Maruti Vitara Brezza,ZDI + AMT,Automatic,98394,1st Owner,Diesel,HR-26,816000.0,2019-11-09,2018-01-01
606,Maruti VITARA BREZZA,VDI,Manual,68282,2nd Owner,Diesel,HR-26,679000.0,2019-03-24,2019-01-01
607,HYUNDAI AURA,S 1.2 CNG,Manual,38891,1st Owner,CNG,DL-9C,777000.0,2018-02-09,2021-01-01
608,RENAULT KWID,RXT 1.0 AMT (O),Automatic,28118,1st Owner,Petrol,UP-14,493000.0,2024-02-10,2021-01-01
609,Maruti Vitara Brezza,VDI,Manual,71386,1st Owner,Diesel,HR-26,758000.0,2020-08-30,2019-01-01
610,Maruti S PRESSO,VXI,Manual,7570,2nd Owner,Petrol,DL-8C,410000.0,2020-10-03,2020-01-01
611,HYUNDAI ELITE I20,ASTA 1.2,Manual,47284,1st Owner,Petrol,UP-14,585000.0,2022-02-09,2016-01-01
612,Maruti IGNIS,ZETA 1.2 AMT DUAL TONE,Automatic,29406,2nd Owner,Petrol,HR-10,537000.0,2022-12-28,2017-01-01
613,Honda Brio,1.2 S MT I VTEC,Manual,97470,1st Owner,Petrol,DL-3C,298000.0,2019-11-18,2013-01-01
614,Hyundai Creta,1.6 S,Manual,62690,2nd Owner,Petrol,DL-1C,778000.0,2020-08-03,2015-01-01
615,Tata Harrier,XZ PLUS 2.0L DARK EDITION,Manual,45425,1st Owner,Diesel,DL-11,1816000.0,2023-04-17,2021-01-01
616,Hyundai Grand i10,ASTA AT 1.2 KAPPA VTVT,Automatic,69180,1st Owner,Petrol,DL-3C,476000.0,2025-04-02,2015-01-01
617,Maruti Vitara Brezza,ZDI,Manual,40605,1st Owner,Diesel,DL-3C,779000.0,2021-05-28,2018-01-01
618,Renault Kwid,CLIMBER 1.0 AT,Automatic,15801,1st Owner,Petrol,DL-12,617000.0,2021-06-15,2022-01-01
619,Maruti SWIFT,LXI,Manual,14803,1st Owner,Petrol,DL-8C,589000.0,2022-12-14,2021-01-01
620,Maruti BALENO,ZETA CVT PETROL 1.2,Automatic,39076,1st Owner,Petrol,HR-26,786000.0,2021-11-06,2020-01-01
621,Renault Kwid,RXT 1.0 EASY-R AT OPTION,Automatic,18781,2nd Owner,Petrol,DL-3C,418000.0,2023-04-24,2019-01-01
622,KIA SELTOS,GTX+ 1.4 MT,Manual,6003,1st Owner,Petrol,HR-26,1620000.0,2021-03-18,2020-01-01
623,HONDA WR-V,1.2L I-VTEC S MT,Manual,64889,1st Owner,Petrol,UP-32,642000.0,2025-05-05,2017-01-01
624,HYUNDAI I20 ACTIVE,1.2 S,Manual,72488,1st Owner,Petrol,UP-80,563000.0,2019-03-11,2016-01-01
625,Maruti Baleno,DELTA PETROL 1.2,Manual,29414,2nd Owner,Petrol,HR-87,584000.0,2023-01-13,2019-01-01
626,Maruti SWIFT,VXI AMT,Automatic,36682,1st Owner,CNG,UP-32,721000.0,2019-07-12,2019-01-01
627,Maruti Vitara Brezza,ZDI PLUS AMT,Automatic,50481,1st Owner,Diesel,HR-26,861000.0,2019-02-03,2018-01-01
628,Maruti Vitara Brezza,VDI OPT,Manual,43109,1st Owner,Diesel,DL-3C,749000.0,2020-03-16,2018-01-01
629,Maruti DZIRE,VXI,Manual,26925,1st Owner,Petrol,DL-3C,654000.0,2021-08-29,2019-01-01
630,Maruti ALTO 800,LXI,Manual,20754,1st Owner,Petrol,DL-1C,309000.0,2023-10-23,2018-01-01
631,Maruti New Wagon-R,LXI CNG 1.0 L,Manual,63997,1st Owner,CNG,DL-2C,558000.0,2021-04-01,2020-01-01
632,Maruti Vitara Brezza,ZDI + AMT,Automatic,34843,1st Owner,Diesel,DL-2C,949000.0,2024-01-12,2018-01-01
633,TOYOTA URBAN CRUISER,HIGH GRADE MT,Manual,8216,1st Owner,Petrol,HR-98,1019000.0,2022-03-12,2022-01-01
634,Tata TIAGO NRG,XZ MT,Manual,18867,1st Owner,Petrol,DL-9C,694000.0,2018-12-03,2022-01-01
635,Honda Amaze,1.2 V MT I-VTEC,Manual,43985,1st Owner,Petrol,DL-1C,616000.0,2023-11-12,2018-01-01
636,Maruti Wagon R 1.0,VXI AMT,Automatic,28076,2nd Owner,Petrol,HR-51,463000.0,2022-12-01,2018-01-01
637,Maruti ALTO 800,LXI,Manual,25872,1st Owner,Petrol,UP-16,330000.0,2022-03-11,2018-01-01
638,Honda City,1.5L I-VTEC V MT,Manual,83926,1st Owner,Petrol,UP-14,716700.0,2018-12-27,2017-01-01
639,Maruti SWIFT DZIRE,VXI,Manual,83261,1st Owner,Petrol,DL-12,337000.0,2018-03-01,2012-01-01
640,HYUNDAI AURA,SX PLUS 1.2 AMT,Automatic,41027,1st Owner,Petrol,HR-36,816000.0,2019-08-11,2020-01-01
641,Maruti Vitara Brezza,ZDI AMT,Automatic,31785,1st Owner,Diesel,DL-8C,886000.0,2018-05-04,2019-01-01
642,Renault Kiger,RXZ 1.0 TURBO MT,Manual,17632,1st Owner,Petrol,UP-62,906000.0,2020-05-02,2021-01-01
643,Maruti Baleno,ZETA PETROL 1.2,Manual,19124,1st Owner,Petrol,HR-26,721000.0,2023-01-24,2019-01-01
644,Maruti Baleno,DELTA PETROL 1.2,Manual,67985,1st Owner,Petrol,HR-29,520000.0,2022-12-19,2016-01-01
645,Hyundai NEW I20,ASTA (O) 1.2 MT,Manual,13811,1st Owner,Petrol,HR-26,918000.0,2024-08-28,2021-01-01
646,Hyundai Grand i10,MAGNA AT 1.2 KAPPA VTVT,Automatic,40993,1st Owner,Petrol,DL-8C,522000.0,2022-01-09,2017-01-01
647,Maruti Alto 800,LXI,Manual,31810,1st Owner,Petrol,UP-14,269000.0,2022-12-28,2016-01-01
648,Datsun Redi Go,T (O),Manual,33936,1st Owner,Petrol,HR-30,293000.0,2021-03-06,2018-01-01
649,Hyundai NEW SANTRO,MAGNA AMT,Automatic,7595,1st Owner,Petrol,DL-12,541000.0,2021-12-11,2018-01-01
650,Maruti Wagon R 1.0,VXI AMT,Automatic,32330,1st Owner,Petrol,HR-52,488000.0,2022-04-09,2018-01-01
651,HONDA AMAZE,1.2L I-VTEC V CVT,Automatic,17143,1st Owner,Petrol,DL-1C,832000.0,2022-02-10,2019-01-01
652,Maruti New Wagon-R,LXI CNG 1.0 L,Manual,34090,1st Owner,CNG,HR-76,552000.0,2025-03-15,2020-01-01
653,Datsun Redi Go,A,Manual,37928,2nd Owner,Petrol,UP-14,298000.0,2024-02-11,2019-01-01
654,Hyundai Grand i10,SPORTZ AT 1.2 KAPPA VTVT,Manual,35366,1st Owner,Petrol,UP-16,577000.0,2021-02-26,2017-01-01
655,Maruti SWIFT,LXI,Manual,12582,1st Owner,Petrol,DL-4C,566000.0,2019-06-20,2019-01-01
656,Maruti ALTO K10,VXI,Manual,28254,1st Owner,Petrol,DL-9C,334000.0,2022-02-09,2017-01-01
657,Hyundai ELITE I20,1.2 SPORTS PLUS VTVT,Manual,78183,1st Owner,Petrol,DL-1C,719000.0,2022-06-30,2019-01-01
658,Maruti Baleno,ZETA PETROL 1.2,Manual,23849,1st Owner,Petrol,HR-26,777000.0,2025-04-15,2020-01-01
659,Honda WR-V,1.5 i-DTEC VX MT,Manual,59946,1st Owner,Diesel,HR-10,928000.0,2020-01-24,2020-01-01
660,Honda Jazz,1.2 SV MT,Manual,71967,1st Owner,Petrol,DL-3C,461000.0,2025-05-02,2016-01-01
661,Renault Kiger,RXZ CVT 1.0 TURBO DUAL TONE,Automatic,9980,1st Owner,Petrol,HR-51,986000.0,2021-03-21,2021-01-01
662,Maruti New Wagon-R,LXI CNG 1.0,Manual,75415,1st Owner,CNG,DL-8C,522000.0,2022-03-06,2020-01-01
663,Maruti Baleno,DELTA PETROL 1.2,Manual,94624,1st Owner,Petrol,HR-26,550000.0,2019-12-20,2018-01-01
664,Maruti BALENO,DELTA 1.2 K12,Manual,12662,1st Owner,Petrol,HR-36,683000.0,2018-12-12,2020-01-01
665,Maruti New Wagon-R,1.0 Lxi (o) cng,Manual,33883,1st Owner,CNG,DL-11,594000.0,2020-03-01,2021-01-01
666,Maruti ALTO 800,LXI,Manual,53804,1st Owner,Petrol,DL-2C,316000.0,2023-04-30,2018-01-01
667,Tata ALTROZ,XZ 1.2,Manual,15122,1st Owner,Petrol,DL-11,776000.0,2021-03-12,2020-01-01
668,Mahindra XUV 3OO,1.2 W6 AT,Automatic,25852,1st Owner,Petrol,DL-3C,1088000.0,2024-06-24,2021-01-01
669,Maruti Dzire,VXI,Manual,20981,1st Owner,Petrol,DL-3C,712000.0,2022-01-06,2019-01-01
670,Maruti Baleno,ZETA PETROL 1.2,Manual,56679,2nd Owner,Petrol,HR-19,597000.0,2020-12-31,2019-01-01
671,TATA NEXON,XMA PETROL,Automatic,38643,1st Owner,Petrol,DL-12,797000.0,2019-06-25,2019-01-01
672,Maruti Vitara Brezza,ZDI + AMT,Automatic,16508,2nd Owner,Diesel,HR-51,854000.0,2023-12-22,2018-01-01
673,Maruti Dzire,VXI,Manual,31812,1st Owner,Petrol,DL-1C,696000.0,2025-03-23,2019-01-01
674,Renault Kiger,RXZ CVT 1.0 TURBO,Automatic,12944,1st Owner,Petrol,DL-3C,1116000.0,2019-02-11,2021-01-01
675,MAHINDRA XUV 3OO,W6 1.2 PETROL,Manual,5488,1st Owner,Petrol,DL-12,1078000.0,2022-11-18,2021-01-01
676,Maruti New Wagon-R,LXI CNG 1.0 L,Manual,39788,1st Owner,CNG,DL-1C,542000.0,2019-06-08,2019-01-01
677,Renault TRIBER,1.0 RXZ,Manual,10510,1st Owner,Petrol,UP-16,739000.0,2020-02-16,2021-01-01
678,Renault TRIBER,1.0 RXZ,Manual,3133,1st Owner,Petrol,DL-12,826000.0,2022-07-21,2022-01-01
679,Maruti Baleno,DELTA PETROL 1.2,Manual,19859,1st Owner,Petrol,UP-16,651000.0,2023-10-25,2019-01-01
680,Maruti VITARA BREZZA,ZDI,Manual,38748,1st Owner,Diesel,DL-1C,800000.0,2018-02-11,2018-01-01
681,Honda WR-V,1.2L I-VTEC VX MT,Manual,36793,1st Owner,Petrol,HR-51,817000.0,2019-10-27,2018-01-01
682,Mahindra XUV 3OO,W8 1.2 PETROL,Manual,16166,1st Owner,Petrol,HR-26,980000.0,2021-01-16,2020-01-01
683,Maruti Alto K10,LXI,Manual,30029,1st Owner,Petrol,HR-23,221000.0,2022-03-12,2012-01-01
684,HONDA CITY,1.5L I-VTEC ZX CVT,Automatic,85889,1st Owner,Petrol,UP-14,1135000.0,2022-07-07,2019-01-01
685,Ford Ecosport,TITANIUM 1.5L PETROL,Manual,69170,1st Owner,Petrol,HR-26,752000.0,2025-02-26,2018-01-01
686,Tata ALTROZ,XZ 1.2,Manual,17185,1st Owner,Petrol,DL-9C,744000.0,2024-09-20,2020-01-01
687,Maruti ALTO 800,LXI,Manual,41768,1st Owner,Petrol,UP-14,337000.0,2020-05-22,2018-01-01
688,Maruti Alto,LXI OPT,Manual,29147,1st Owner,Petrol,DL-3C,394250.0,2024-06-16,2021-01-01
689,Toyota Etios,VX,Manual,57187,1st Owner,Petrol,DL-4C,310000.0,2019-08-28,2011-01-01
690,Hyundai NEW SANTRO,SPORTZ EXECUTIVE CNG,Manual,32139,1st Owner,CNG,DL-7C,586000.0,2023-08-26,2021-01-01
691,HONDA JAZZ,1.2 V MT,Manual,29074,2nd Owner,Petrol,DL-4C,512000.0,2019-12-10,2015-01-01
692,Maruti Swift,VXI,Manual,56705,1st Owner,Petrol,HR-26,334000.0,2024-05-25,2013-01-01
693,Honda City,V MT PETROL,Manual,93095,1st Owner,Petrol,HR-26,743000.0,2024-07-05,2017-01-01
694,Maruti CIAZ,ALPHA 1.5 SHVS PETROL,Manual,53019,1st Owner,Petrol,HR-26,884000.0,2019-08-30,2018-01-01
695,Maruti Swift,LXI,Manual,28543,1st Owner,Petrol,HR-26,561000.0,2024-07-15,2019-01-01
696,Renault Kwid,1.0 RXT Opt,Manual,11264,1st Owner,Petrol,UP-78,461000.0,2020-06-25,2019-01-01
697,Honda City,V MT PETROL,Manual,59084,1st Owner,Petrol,HR-10,747000.0,2019-07-14,2017-01-01
698,Maruti New Wagon-R,LXI CNG 1.0 L,Manual,73939,1st Owner,CNG,DL-14,526000.0,2024-07-30,2020-01-01
699,Honda Amaze,1.2 VX CVT I VTEC,Automatic,78148,1st Owner,Petrol,DL-9C,501000.0,2020-01-07,2015-01-01
700,Renault Duster,RXS 106 PS MT,Manual,43395,1st Owner,Petrol,DL-3C,870000.0,2019-02-06,2019-01-01
701,Hyundai NEW SANTRO,MAGNA EXECUTIVE CNG,Manual,32179,1st Owner,CNG,DL-8C,632000.0,2023-03-23,2020-01-01
702,Maruti Baleno,ZETA PETROL 1.2,Manual,14233,1st Owner,Petrol,HR-51,740000.0,2019-01-27,2020-01-01
703,MAHINDRA THAR,LX HT PETROL 4WD MT,Manual,27763,1st Owner,Petrol,HR-42,1505000.0,2022-08-21,2021-01-01
704,HYUNDAI GRAND I10 NIOS,SPORTZ 1.2 KAPPA VTVT CNG,Manual,17428,1st Owner,CNG,DL-7C,804000.0,2018-11-06,2022-01-01
705,Hyundai VENUE,SX PLUS 1.0 TURBO DCT,Automatic,67033,1st Owner,Petrol,HR-26,1011000.0,2022-10-24,2019-01-01
706,Hyundai NEW SANTRO,1.1 SPORTZ MT CNG,Manual,36627,1st Owner,CNG,DL-7C,555000.0,2018-01-13,2019-01-01
707,Maruti New Wagon-R,LXI CNG 1.0 L,Manual,40242,1st Owner,CNG,DL-12,549000.0,2023-04-05,2020-01-01
708,Hyundai i10,SPORTZ 1.2 AT KAPPA2,Automatic,70958,1st Owner,Petrol,DL-3C,270000.0,2021-07-29,2011-01-01
709,Hyundai GRAND I10,ASTA 1.2 KAPPA VTVT,Manual,53734,1st Owner,Petrol,UP-14,433000.0,2023-02-18,2015-01-01
710,Maruti New Wagon-R,LXI CNG 1.0 L,Manual,48251,1st Owner,CNG,DL-8C,571250.0,2020-06-24,2019-01-01
711,Mahindra Thar,LX D 4*4 MT HT,Manual,8222,1st Owner,Diesel,DL-8C,1609000.0,2020-10-27,2021-01-01
712,Hyundai Grand i10,MAGNA 1.2 VTVT,Manual,20971,1st Owner,Petrol,DL-9C,519000.0,2021-11-11,2018-01-01
713,Hyundai NEW SANTRO,SPORTZ EXECUTIVE MT CNG,Manual,54826,1st Owner,CNG,DL-9C,579000.0,2020-10-29,2021-01-01
714,Mahindra KUV 100 NXT,K8 6 STR,Manual,26967,1st Owner,Petrol,DL-8C,653000.0,2023-09-09,2020-01-01
715,MAHINDRA THAR,LX D 4*4 MT HT,Manual,7723,1st Owner,Diesel,HR-26,1604000.0,2019-04-11,2021-01-01
716,Maruti Vitara Brezza,ZDI PLUS AMT,Automatic,36296,1st Owner,Diesel,HR-10,868000.0,2024-07-25,2018-01-01
717,Honda WR-V,1.5 i-DTEC VX MT,Manual,33770,1st Owner,Diesel,HR-26,1211000.0,2024-12-16,2021-01-01
718,Maruti CIAZ,DELTA 1.4 VVT AMT,Automatic,27530,1st Owner,Petrol,DL-1C,915000.0,2020-04-22,2018-01-01
719,Maruti Dzire,VXI,Manual,22766,1st Owner,Petrol,DL-12,633000.0,2018-12-20,2017-01-01
720,Maruti SWIFT,LXI,Manual,85032,1st Owner,Petrol,DL-2C,301000.0,2023-06-20,2012-01-01
721,Maruti New Wagon-R,LXI CNG (O) 1.0,Manual,63818,1st Owner,CNG,HR-26,558000.0,2018-02-02,2021-01-01
722,Maruti Ciaz,ALPHA 1.4 VVT AMT,Automatic,26218,1st Owner,Petrol,HR-26,890000.0,2022-08-09,2018-01-01
723,Mahindra Thar,LX PETROL HT 4WD AT,Automatic,5145,1st Owner,Petrol,DL-12,1654000.0,2018-09-11,2021-01-01
724,Hyundai Grand i10,MAGNA AT 1.2 KAPPA VTVT,Automatic,63382,1st Owner,Petrol,DL-8C,465000.0,2024-06-25,2016-01-01
725,Maruti Baleno,DELTA PETROL 1.2,Manual,33839,1st Owner,Petrol,UP-16,696000.0,2020-06-08,2021-01-01
726,HYUNDAI GRAND I10,ASTA 1.2 AT VTVT,Automatic,34900,2nd Owner,Petrol,DL-4C,481000.0,2018-10-09,2015-01-01
727,Renault Kiger,RXZ 1.0 MT,Manual,15991,1st Owner,Petrol,DL-3C,876000.0,2024-01-30,2021-01-01
728,HYUNDAI NEW SANTRO,SPORTZ MT,Manual,26239,1st Owner,Petrol,UP-32,485000.0,2025-05-23,2018-01-01
729,Hyundai Grand i10,MAGNA 1.2 VTVT,Manual,65155,1st Owner,CNG,HR-26,484000.0,2023-04-30,2018-01-01
730,Hyundai Grand i10,MAGNA 1.2 KAPPA VTVT,Manual,43762,1st Owner,CNG,HR-83,513000.0,2025-05-31,2018-01-01
731,Ford Ecosport,1.5 TITANIUM SIGNATURE TI VCT (SUNROOF),Manual,34393,2nd Owner,CNG,HR-26,935000.0,2020-11-09,2018-01-01
733,Maruti New Wagon-R,LXI CNG 1.0 L,Manual,56074,1st Owner,CNG,HR-30,546000.0,2023-11-17,2021-01-01
734,RENAULT Kiger,RXZ CVT 1.0 TURBO,Automatic,17191,1st Owner,Petrol,DL-3C,999000.0,2021-05-31,2021-01-01
736,Maruti Swift,LXI OPT,Manual,47934,1st Owner,Petrol,DL-2C,440000.0,2024-01-03,2016-01-01
737,Maruti IGNIS,ZETA 1.2 AMT,Automatic,39181,2nd Owner,Petrol,HR-29,546000.0,2018-03-18,2017-01-01
738,Maruti Ciaz,ZETA 1.5 SHVS MT PETROL,Manual,17178,1st Owner,Petrol,DL-8C,962000.0,2022-01-04,2021-01-01
739,Datsun Redi Go,T (O),Manual,30224,1st Owner,Petrol,DL-8C,304000.0,2021-11-02,2018-01-01
740,Maruti Swift,VXI AMT,Automatic,16554,1st Owner,Petrol,DL-1C,657000.0,2024-06-20,2018-01-01
741,Tata TIGOR,XZ PLUS 1.2 REVOTRON,Manual,18102,1st Owner,Petrol,HR-51,685000.0,2023-06-13,2020-01-01
742,Tata ALTROZ,XZ 1.2,Manual,23776,1st Owner,Petrol,DL-9C,749000.0,2021-11-21,2020-01-01
743,Renault Kiger,RXZ 1.0 TURBO MT DUAL TONE,Manual,6835,1st Owner,Petrol,UP-14,948000.0,2021-04-07,2021-01-01
744,Honda City,1.5L I-VTEC SV,Manual,26285,1st Owner,Petrol,DL-3C,607000.0,2021-12-29,2014-01-01
745,Maruti Alto 800,LXI,Manual,25026,1st Owner,Petrol,DL-5C,315000.0,2018-07-23,2018-01-01
746,Maruti ALTO,LXI CNG,Manual,28914,1st Owner,CNG,UP-14,493000.0,2021-06-07,2021-01-01
747,Tata Safari,XZA+  KRYOTEC,Automatic,16533,1st Owner,Diesel,HR-10,2080000.0,2018-01-15,2021-01-01
748,Maruti New Wagon-R,1.0 Lxi (o) cng,Manual,53118,1st Owner,CNG,HR-26,545000.0,2025-02-20,2019-01-01
749,Mahindra Thar,LX PETROL HT 4WD AT,Automatic,8373,1st Owner,Petrol,DL-2C,1638000.0,2022-11-02,2021-01-01
750,Maruti Baleno,SIGMA PETROL 1.2,Manual,13066,1st Owner,Petrol,HR-29,632000.0,2018-11-27,2021-01-01
751,Maruti New Wagon-R,1.0 Lxi (o) cng,Manual,20677,1st Owner,CNG,DL-6C,608000.0,2021-11-06,2021-01-01
752,Maruti New Wagon-R,1.0 Lxi (o) cng,Manual,92418,1st Owner,CNG,DL-12,537000.0,2021-08-14,2019-01-01
753,Maruti Vitara Brezza,ZDI AMT,Automatic,87576,1st Owner,Diesel,HR-87,854000.0,2020-08-29,2019-01-01
754,Renault TRIBER,1.0 RXZ,Manual,18132,1st Owner,Petrol,DL-3C,766000.0,2019-12-05,2021-01-01
755,Hyundai GRAND I10 NIOS,SPORTZ 1.2 KAPPA VTVT CNG,Manual,26081,1st Owner,CNG,HR-26,719000.0,2023-11-24,2021-01-01
756,Tata NEXON,XZA PLUS PETROL,Automatic,7074,1st Owner,Petrol,DL-3C,1054000.0,2024-05-17,2019-01-01
757,Hyundai NEW SANTRO,SPORTZ CNG,Manual,63793,1st Owner,CNG,HR-26,552000.0,2021-02-12,2019-01-01
758,Maruti Swift,VXI,Manual,69859,1st Owner,Petrol,DL-1C,406000.0,2019-10-21,2014-01-01
759,Renault Kwid,RXT Opt,Manual,26678,1st Owner,Petrol,HR-26,384000.0,2018-05-29,2019-01-01
760,HONDA CITY,1.5L I-VTEC V MT 4TH GEN,Manual,14215,1st Owner,Petrol,UP-14,1132000.0,2021-06-20,2022-01-01
761,Maruti Alto,VXI,Manual,8664,1st Owner,Petrol,DL-3C,361000.0,2018-08-06,2021-01-01
762,Maruti New Wagon-R,LXI CNG 1.0 L,Manual,62629,1st Owner,CNG,DL-8C,572000.0,2021-04-26,2020-01-01
763,Renault Kwid,RXT,Manual,16602,1st Owner,Petrol,UP-15,400000.0,2018-04-23,2019-01-01
764,Maruti New Wagon-R,LXI CNG 1.0 L,Manual,22185,1st Owner,CNG,DL-8C,598000.0,2022-04-21,2021-01-01
765,HYUNDAI GRAND I10,ASTA AT 1.2 KAPPA VTVT,Automatic,60308,2nd Owner,Petrol,HR-51,487000.0,2018-08-12,2015-01-01
767,Maruti Baleno,DELTA PETROL 1.2,Manual,10915,1st Owner,Petrol,HR-26,724000.0,2025-01-01,2021-01-01
768,Maruti S Cross,ALPHA AT SMART HYBRID,Automatic,23160,1st Owner,Petrol,HR-51,1121000.0,2023-03-27,2020-01-01
769,Renault TRIBER,RXZ AMT,Automatic,4196,1st Owner,Petrol,DL-12,918000.0,2023-12-15,2022-01-01
770,Maruti Swift,LXI,Manual,20810,2nd Owner,Petrol,DL-1C,582000.0,2021-01-25,2020-01-01
771,HYUNDAI ELITE I20,ASTA 1.2,Manual,33624,1st Owner,Petrol,UP-80,589000.0,2020-11-20,2015-01-01
772,Maruti New Wagon-R,LXI CNG 1.0 L,Manual,57715,1st Owner,CNG,HR-13,546000.0,2018-12-02,2020-01-01
773,Maruti Baleno,ZETA PETROL 1.2,Manual,34496,1st Owner,Petrol,HR-29,650000.0,2022-11-30,2019-01-01
774,Maruti SWIFT,LXI,Manual,10616,1st Owner,Petrol,DL-1C,551000.0,2024-04-29,2019-01-01
775,Hyundai TUCSON NEW,2WD MT PETROL,Manual,42864,1st Owner,Petrol,HR-26,1687000.0,2019-05-24,2018-01-01
776,Hyundai GRAND I10 NIOS,SPORTZ PETROL,Manual,21706,1st Owner,Petrol,HR-36,628000.0,2024-03-22,2020-01-01
777,Maruti S Cross,ALPHA 1.5,Manual,5574,1st Owner,Petrol,UP-14,1165000.0,2021-11-11,2020-01-01
778,Maruti Baleno,DELTA CVT PETROL 1.2,Automatic,20889,1st Owner,Petrol,HR-26,617000.0,2024-07-20,2017-01-01
779,Renault Kiger,RXZ 1.0 MT,Manual,14272,1st Owner,Petrol,HR-51,822000.0,2021-07-08,2021-01-01
780,Hyundai NEW SANTRO,SPORTZ EXECUTIVE CNG,Manual,53039,1st Owner,CNG,DL-7C,581000.0,2023-03-24,2021-01-01
781,HYUNDAI VENUE,SX 1.0 (O) TURBO,Manual,11936,1st Owner,Petrol,UP-32,1170000.0,2022-09-12,2021-01-01
782,Maruti New Wagon-R,LXI CNG 1.0 L,Manual,72103,1st Owner,CNG,HR-26,547000.0,2022-05-14,2019-01-01
783,Maruti Alto 800,LXI,Manual,61606,1st Owner,Petrol,DL-2C,280000.0,2025-03-21,2016-01-01
784,Maruti Celerio,ZXI PLUS,Manual,10723,1st Owner,Petrol,UP-63,667000.0,2023-10-28,2021-01-01
785,HONDA CITY,S MT PETROL,Manual,38002,1st Owner,Petrol,UP-14,536000.0,2025-05-06,2013-01-01
786,Maruti Baleno,DELTA PETROL 1.2,Manual,10440,1st Owner,Petrol,HR-87,713000.0,2022-08-21,2021-01-01
787,HYUNDAI GRAND I10 NIOS,SPORTZ 1.2 KAPPA VTVT CNG,Manual,34714,1st Owner,CNG,HR-98,749000.0,2020-05-01,2021-01-01
788,Maruti Swift,VXI,Manual,46247,2nd Owner,Petrol,HR-26,376000.0,2022-05-16,2014-01-01
789,Maruti Alto,VXI PLUS,Manual,12642,1st Owner,Petrol,UP-14,405000.0,2019-12-14,2020-01-01
790,Renault Kwid,RXL,Manual,20053,1st Owner,Petrol,HR-30,360000.0,2024-04-23,2019-01-01
791,Maruti S PRESSO,VXI,Manual,5239,1st Owner,Petrol,DL-2C,441000.0,2019-06-15,2020-01-01
792,HYUNDAI NEW SANTRO,SPORTZ CNG,Manual,68865,1st Owner,CNG,DL-3C,540000.0,2024-04-06,2019-01-01
793,HYUNDAI GRAND I10,MAGNA AT 1.2 KAPPA VTVT,Automatic,32033,1st Owner,Petrol,DL-9C,668000.0,2020-03-23,2019-01-01
794,Honda Amaze,1.2 V CVT I VTEC,Automatic,45245,1st Owner,Petrol,HR-51,771000.0,2024-07-31,2019-01-01
795,Maruti BALENO,DELTA PETROL 1.2,Manual,29984,1st Owner,Petrol,HR-51,610000.0,2018-08-25,2018-01-01
796,Maruti Swift,ZXI,Manual,47073,1st Owner,Petrol,DL-8C,361000.0,2021-06-06,2012-01-01
797,Honda Amaze,1.2 S CVT I VTEC SPECIAL EDITION,Automatic,37158,1st Owner,Petrol,UP-16,789000.0,2020-06-11,2020-01-01
798,TATA ALTROZ,XZ 1.2,Manual,24268,1st Owner,Petrol,HR-26,758000.0,2019-11-13,2020-01-01
799,Hyundai GRAND I10 NIOS,SPORTZ CNG MT,Manual,28955,1st Owner,CNG,UP-16,697000.0,2020-04-16,2021-01-01
800,Maruti SWIFT,ZXI,Manual,22536,1st Owner,Petrol,DL-2C,376000.0,2021-02-28,2012-01-01
801,Maruti SWIFT,LXI,Manual,51460,1st Owner,Petrol,HR-76,589000.0,2025-01-27,2021-01-01
802,Maruti CELERIO,ZXI OPT AMT,Automatic,29095,2nd Owner,Petrol,DL-8C,428000.0,2022-11-23,2016-01-01
803,Hyundai Grand i10,MAGNA 1.2 KAPPA VTVT,Manual,40850,1st Owner,Petrol,HR-29,514000.0,2021-08-11,2018-01-01
804,Maruti Baleno,DELTA PETROL 1.2,Manual,86292,1st Owner,Petrol,HR-51,536000.0,2025-01-13,2016-01-01
805,Maruti SWIFT,VXI,Manual,36358,1st Owner,Petrol,DL-2C,347000.0,2025-03-31,2013-01-01
806,Tata ALTROZ,XT 1.5 RTQ,Manual,16973,1st Owner,Diesel,DL-10,811000.0,2024-04-24,2021-01-01
807,Renault Kwid,RXL,Manual,25519,2nd Owner,Petrol,HR-07,350000.0,2021-10-24,2019-01-01
808,Renault Kwid,RXL,Manual,26260,1st Owner,Petrol,DL-3C,407000.0,2022-08-19,2020-01-01
809,Honda Jazz,1.2 S MT,Manual,32287,1st Owner,Petrol,HR-51,488000.0,2022-07-24,2017-01-01
810,Maruti Dzire,VXI,Manual,30444,1st Owner,Petrol,HR-76,698000.0,2022-08-17,2019-01-01
811,Maruti Alto 800,LXI,Manual,8736,1st Owner,Petrol,DL-8C,340000.0,2022-12-13,2018-01-01
812,Maruti SWIFT,LXI,Manual,63772,1st Owner,Petrol,UP-37,567000.0,2022-10-15,2019-01-01
813,Maruti Ciaz,DELTA 1.4 MT PETROL,Manual,63864,2nd Owner,Petrol,HR-05,651000.0,2019-03-13,2017-01-01
814,Maruti IGNIS,ZETA 1.2,Manual,46300,1st Owner,Petrol,HR-51,641000.0,2021-01-07,2020-01-01
815,Renault Kwid,1.0 RXT Opt,Manual,17931,1st Owner,Petrol,UP-16,468000.0,2020-02-25,2021-01-01
816,Hyundai GRAND I10 NIOS,SPORTZ 1.2 KAPPA VTVT CNG,Manual,96192,1st Owner,CNG,HR-12,668000.0,2024-02-03,2021-01-01
817,TATA HEXA,Varicor 400 XM,Manual,43895,1st Owner,Diesel,HR-26,1334000.0,2022-05-21,2019-01-01
818,Renault Kiger,RXZ CVT 1.0 TURBO,Automatic,9698,1st Owner,Petrol,DL-3C,1128000.0,2020-07-14,2021-01-01
819,Maruti Swift,LXI,Manual,13121,1st Owner,Petrol,DL-2C,572000.0,2025-03-09,2019-01-01
820,Maruti CIAZ,ZETA AT 1.5  SHVS PETROL,Automatic,31350,2nd Owner,Petrol,DL-12,869000.0,2022-02-18,2018-01-01
821,HYUNDAI NEW SANTRO,SPORTZ EXECUTIVE MT CNG,Manual,39295,1st Owner,CNG,DL-9C,637000.0,2022-01-01,2021-01-01
823,FORD ECOSPORT,1.5 TITANIUM TI VCT,Manual,21803,1st Owner,Petrol,UP-16,703000.0,2020-11-07,2017-01-01
824,Maruti Swift,VXI,Manual,22705,1st Owner,Petrol,DL-3C,417000.0,2019-05-24,2014-01-01
825,Maruti IGNIS,DELTA 1.2 AMT,Automatic,24588,2nd Owner,Petrol,HR-26,580000.0,2018-06-16,2018-01-01
826,Maruti Baleno,DELTA PETROL 1.2,Manual,47728,1st Owner,Petrol,HR-26,617000.0,2023-05-12,2019-01-01
827,Honda Amaze,1.2L I-VTEC S,Manual,52212,1st Owner,Petrol,DL-1C,623000.0,2018-11-22,2018-01-01
828,HONDA CITY,VX CVT PETROL,Automatic,29589,2nd Owner,Petrol,DL-4C,1226000.0,2020-05-21,2020-01-01
829,Maruti New Wagon-R,1.0 Lxi (o) cng,Manual,31413,1st Owner,CNG,DL-5C,605000.0,2021-02-16,2021-01-01
830,Maruti New Wagon-R,LXI CNG 1.0 L,Manual,58736,1st Owner,CNG,DL-2C,526000.0,2024-03-07,2019-01-01
831,Maruti Swift Dzire,ZXI 1.2 BS IV,Manual,46500,2nd Owner,Petrol,HR-26,431000.0,2020-09-22,2014-01-01
832,Maruti New Wagon-R,LXI CNG 1.0 L,Manual,45156,1st Owner,CNG,DL-9C,565000.0,2019-12-15,2020-01-01
833,Maruti New Wagon-R,LXI CNG 1.0 L,Manual,95737,1st Owner,CNG,DL-2C,545000.0,2021-08-10,2019-01-01
834,Renault Kiger,RXZ 1.0 TURBO MT,Manual,9759,1st Owner,Petrol,DL-3C,1041000.0,2021-07-21,2021-01-01
835,HYUNDAI NEW SANTRO,SPORTZ CNG,Manual,59157,1st Owner,CNG,HR-26,556000.0,2023-11-12,2019-01-01
836,Maruti New Wagon-R,LXI CNG 1.0 L,Manual,36330,1st Owner,CNG,DL-2C,569000.0,2018-07-13,2020-01-01
837,TOYOTA URBAN CRUISER,MID GRADE MT,Manual,39032,1st Owner,Petrol,HR-26,888000.0,2019-05-18,2021-01-01
838,HYUNDAI I10,MAGNA 1.1,Manual,71103,2nd Owner,Petrol,DL-9C,321000.0,2020-01-26,2015-01-01
839,Hyundai Tucson New,2WD MT PETROL,Manual,86933,2nd Owner,Petrol,UP-14,1412000.0,2022-02-14,2018-01-01
840,Honda Jazz,1.2 V AT,Automatic,60707,1st Owner,Petrol,HR-26,631000.0,2023-02-25,2017-01-01
841,Maruti Alto 800,LXI,Manual,26057,1st Owner,Petrol,HR-26,299000.0,2019-03-18,2016-01-01
842,Renault Kwid,1.0 RXT Opt AT,Automatic,10601,1st Owner,Petrol,DL-3C,499000.0,2018-02-24,2021-01-01
843,Hyundai GRAND I10 NIOS,SPORTZ 1.2 KAPPA VTVT CNG,Manual,22393,1st Owner,CNG,DL-12,773000.0,2019-10-10,2021-01-01
844,Hyundai Grand i10,MAGNA 1.2 VTVT,Manual,46115,2nd Owner,Petrol,DL-3C,371000.0,2020-03-30,2014-01-01
845,Maruti Alto,LXI,Manual,16722,1st Owner,Petrol,DL-8C,370000.0,2020-02-06,2020-01-01
846,Hyundai NEW SANTRO,SPORTZ EXECUTIVE CNG,Manual,78260,1st Owner,CNG,HR-36,582000.0,2020-11-06,2021-01-01
847,Maruti New Wagon-R,LXI CNG 1.0 L,Manual,36344,1st Owner,CNG,HR-29,617000.0,2025-04-17,2021-01-01
848,HYUNDAI NEW SANTRO,SPORTZ CNG,Manual,39950,1st Owner,CNG,DL-12,560000.0,2019-08-15,2019-01-01
849,Maruti New Wagon-R,1.0 Lxi (o) cng,Manual,95900,1st Owner,CNG,HR-26,511000.0,2022-12-29,2020-01-01
850,Mahindra Thar,LX PETROL HT 4WD AT,Automatic,18575,1st Owner,Petrol,HR-26,1524000.0,2022-02-13,2021-01-01
851,Maruti New Wagon-R,LXI CNG 1.0 L,Manual,45694,1st Owner,CNG,HR-35,568000.0,2020-10-02,2020-01-01
852,Renault Kwid,1.0 RXT Opt,Manual,49798,1st Owner,Petrol,HR-26,409000.0,2020-12-14,2019-01-01
853,Tata ALTROZ,XZ 1.2,Manual,18728,1st Owner,Petrol,DL-2C,758000.0,2018-12-15,2020-01-01
854,Maruti New Wagon-R,LXI CNG 1.0 L,Manual,31364,1st Owner,CNG,HR-29,557000.0,2020-06-07,2021-01-01
855,MAHINDRA XUV500,W11(O),Manual,49280,1st Owner,Diesel,HR-26,1654750.0,2020-07-26,2020-01-01
856,Maruti New Wagon-R,LXI CNG 1.0 L,Manual,53085,1st Owner,CNG,HR-29,552000.0,2021-02-13,2019-01-01
857,Hyundai i10,SPORTZ 1.2 KAPPA2,Manual,61649,2nd Owner,Petrol,HR-26,296000.0,2019-11-10,2013-01-01
858,Hyundai Grand i10,MAGNA 1.2 VTVT,Manual,48006,1st Owner,Petrol,DL-8C,397000.0,2018-04-15,2014-01-01
859,Honda City,1.5L I-VTE V CVT,Automatic,31071,1st Owner,Petrol,HR-51,1027000.0,2023-05-18,2018-01-01
860,Toyota Glanza,V MT PETROL,Manual,35203,1st Owner,Petrol,HR-26,886000.0,2018-01-02,2021-01-01
861,Renault Kwid,RXL,Manual,26980,1st Owner,Petrol,DL-12,368000.0,2020-03-10,2019-01-01
862,Maruti S Cross,ALPHA 1.5,Manual,29648,2nd Owner,Petrol,UP-16,1094000.0,2024-10-24,2020-01-01
863,Maruti Baleno,ALPHA PETROL 1.2,Manual,19503,2nd Owner,Petrol,HR-26,850000.0,2023-06-28,2021-01-01
864,TATA ALTROZ,XZ 1.2,Manual,23053,1st Owner,Petrol,HR-26,724000.0,2025-05-05,2020-01-01
865,Maruti ALTO 800,LXI,Manual,21304,2nd Owner,Petrol,UP-37,304000.0,2019-07-11,2018-01-01
866,TOYOTA YARIS,G MT,Manual,37270,1st Owner,Petrol,UP-32,1170000.0,2018-09-23,2020-01-01
867,Maruti S PRESSO,VXI PLUS,Manual,119,1st Owner,Petrol,HR-26,472000.0,2022-05-08,2021-01-01
868,Maruti Alto,LXI CNG,Manual,45138,1st Owner,CNG,DL-9C,415000.0,2023-09-08,2021-01-01
869,Tata ALTROZ,XZ 1.5 RTQ,Manual,33411,1st Owner,Diesel,UP-14,883000.0,2020-02-22,2021-01-01
870,Hyundai Creta,1.6 S,Manual,62663,2nd Owner,Petrol,DL-9C,817000.0,2024-01-17,2016-01-01
871,Maruti Alto 800,LXI,Manual,24796,1st Owner,Petrol,HR-29,336000.0,2018-01-26,2018-01-01
872,Maruti New Wagon-R,LXI CNG 1.0 L,Manual,51129,1st Owner,CNG,HR-51,533000.0,2018-10-28,2020-01-01
873,Honda City,V MT PETROL,Manual,25148,1st Owner,Petrol,HR-12,987000.0,2023-06-30,2020-01-01
874,Maruti Celerio,VXI CNG OPT,Manual,50029,2nd Owner,CNG,HR-26,525000.0,2025-02-07,2020-01-01
875,Maruti ALTO,VXI,Manual,13180,1st Owner,Petrol,HR-29,410000.0,2022-03-24,2022-01-01
876,Hyundai NEW SANTRO,SPORTZ CNG,Manual,38298,1st Owner,CNG,DL-5C,558000.0,2021-02-28,2019-01-01
877,Toyota Glanza,G ISG,Manual,26014,1st Owner,Petrol,DL-1C,858000.0,2024-12-11,2020-01-01
878,Hyundai NEW SANTRO,SPORTZ EXECUTIVE MT CNG,Manual,2077,1st Owner,CNG,DL-9C,631000.0,2022-02-11,2022-01-01
879,Maruti Swift,ZXI PLUS,Manual,39682,1st Owner,Petrol,UP-14,739000.0,2022-05-21,2019-01-01
880,Hyundai NEW SANTRO,MAGNA,Manual,25411,1st Owner,Petrol,HR-26,462000.0,2025-03-15,2019-01-01
881,Honda Jazz,1.2L I-VTEC V AT,Automatic,25244,1st Owner,Petrol,HR-51,646000.0,2023-01-27,2017-01-01
882,Maruti Celerio,VXI AMT,Automatic,46562,1st Owner,Petrol,HR-51,438000.0,2021-11-18,2015-01-01
883,Maruti Alto,VXI,Manual,21969,1st Owner,Petrol,DL-6C,413000.0,2019-11-29,2021-01-01
884,Tata ALTROZ,XZ 1.2,Manual,23268,1st Owner,Petrol,DL-12,766000.0,2019-04-21,2020-01-01
885,Maruti Swift,LXI,Manual,54148,2nd Owner,Petrol,DL-9C,517000.0,2024-02-01,2018-01-01
886,KIA SONET,GTX + 1.0 IMT,Manual,12461,1st Owner,Petrol,DL-10,1319000.0,2020-11-28,2020-01-01
887,Hyundai VENUE,SX (O) 1.5 CRDI,Manual,57123,1st Owner,Diesel,HR-51,1001000.0,2021-08-18,2019-01-01
888,Maruti Alto 800,LXI,Manual,18750,1st Owner,Petrol,DL-3C,314000.0,2020-02-20,2018-01-01
889,Maruti Baleno,ALPHA PETROL 1.2,Manual,13748,1st Owner,Petrol,UP-62,880000.0,2021-03-20,2021-01-01
890,Maruti Celerio,VXI CNG OPT,Manual,71910,1st Owner,CNG,HR-13,506000.0,2018-06-24,2019-01-01
891,Mahindra Thar,LX D 4*4 MT HT,Manual,17312,1st Owner,Diesel,HR-51,1599000.0,2021-10-20,2021-01-01
892,Hyundai Creta,1.6 S,Manual,27923,1st Owner,Petrol,UP-32,791000.0,2021-11-13,2015-01-01
893,Mahindra Thar,LX PETROL HT 4WD AT,Automatic,11551,1st Owner,Petrol,HR-70,1528000.0,2021-02-23,2021-01-01
894,Renault Kiger,RXZ CVT 1.0 TURBO,Automatic,2461,1st Owner,Petrol,UP-16,990000.0,2023-02-17,2021-01-01
895,Maruti ALTO,LXI CNG,Manual,30310,1st Owner,CNG,HR-26,438000.0,2021-07-08,2021-01-01
896,Maruti New Wagon-R,LXI CNG 1.0 L,Manual,31387,2nd Owner,CNG,HR-87,567000.0,2024-04-25,2020-01-01
897,KIA SONET,GTX PLUS DCT 1.0,Manual,12835,1st Owner,Petrol,HR-26,1271000.0,2022-08-02,2020-01-01
898,Maruti Swift,ZXI,Manual,79489,1st Owner,Petrol,HR-26,293000.0,2019-05-24,2011-01-01
